Latitude,Longitude
49.5481627,8.6711576
49.7552566,9.959882
49.4901331,8.4899871
49.6122612,11.1297499
49.6520728,8.5366786
49.6710701,8.5477064
50.1591689,8.6879544
50.1592861,8.6887209
50.5850514,8.6680598
49.1641143,12.9894716
49.6903495,8.6042212
49.7329509,8.5923818
50.1480142,8.624195
49.9351707,10.8626064
50.1400483,8.670959
50.584793,8.6131848
50.5903491,8.6139227
50.798346,13.0323518
49.3640771,11.0379008
49.0374038,8.7063354
49.4667715,8.643555
50.1202202,8.7731124
50.0487949,8.6467861
49.1976416,10.748772
50.2009525,8.5806007
49.295308,8.6976957
49.9470742,8.6092534
49.7121711,10.8438119
50.1127699,8.6765888
49.7467709,10.0022011
49.9547216,8.6050804
49.3701696,11.3262114
50.1825371,8.7423725
52.1052558,10.1513028
49.4585375,12.4193972
52.2988016,13.2679074
50.0269229,8.519457
50.2266058,8.6307997
52.2204119,11.0536184
52.3012214,13.2592461
50.0791175,8.6713162
52.3549702,9.8557541
52.2799675,9.4917923
49.9735384,9.1507001
49.8652154,8.7255392
49.1404441,11.6858779
49.3539278,11.4358737
50.1334347,11.4635763
49.0689069,12.0897391
50.1514259,8.6764111
49.7921359,9.9272303
49.8749921,8.658809
51.4838782,11.9675953
49.8480062,8.8047699
49.9940398,8.4133773
52.2371216,9.5219644
52.4221153,10.788648
50.1211065,11.394251
49.3298334,11.0196149
49.3307667,11.0220723
49.3320631,11.0219065
49.9738529,9.126525
52.2358529,8.9062189
49.6234158,9.6621761
52.4622268,10.5244199
52.4617529,10.5245334
50.4510753,11.4096601
49.2928904,8.6999773
49.2950191,8.7020943
49.3291682,12.1037063
49.3265303,12.1054456
49.2817717,11.459823
49.279551,8.9095933
49.2755399,8.9065502
49.8425244,8.7978891
49.8426932,8.7959934
50.1237446,8.7819695
52.4824741,10.5159611
52.4816945,10.5137235
50.6779453,10.9598075
50.1189773,8.4858347
50.0767829,8.9524927
52.3723034,10.628728
51.7170547,8.747937
51.8420082,10.7970232
52.2669797,8.7774976
49.9437609,10.9050234
49.7960608,9.930251
51.192436,8.7056494
49.9437557,10.9042947
50.5582298,8.5023179
50.1307961,11.1928944
50.8126959,8.69452
51.4626765,11.9770833
49.7832705,9.1825875
49.0329791,9.4372582
49.7461123,8.590774
49.0226947,12.0028325
50.1142968,9.9374173
51.7585994,10.3165924
49.2440628,8.5449639
49.9611037,9.1609091
50.211101,8.5527999
51.6914233,10.021505
51.6930466,10.0148782
51.688716,10.0138119
50.2024745,8.5825799
49.6241351,9.9479684
51.3338734,12.3700879
49.2154289,8.6193438
51.8680661,12.6402489
50.5638943,8.6275244
50.0823561,8.6637168
50.1404674,8.4968346
50.284812,8.4891158
50.1192647,8.7031347
49.6095862,9.4615254
49.7182094,11.0603474
50.0633706,10.24527
52.356284,9.8285122
51.3321001,12.3695932
49.4175787,11.7792637
49.2419601,11.2126526
49.2411842,11.2137884
49.3626468,11.2533305
52.4553467,9.5478147
49.9756079,9.1425259
50.2066417,8.5777608
49.5323881,9.5776771
52.3587967,9.856972
50.0027747,10.8634779
49.9687362,9.1764275
52.1916286,9.8927645
50.1970942,8.5476829
50.2291579,8.6105053
50.1334276,9.972017
50.3085373,11.9231853
49.5541858,11.1200052
49.3319275,8.6603059
52.3223517,9.1965865
49.3274384,8.6555115
49.3270877,8.6555649
50.8704721,12.4603913
49.7197267,11.0339981
50.4967445,12.13376
51.0610361,12.5532264
49.8665715,8.6662536
49.5277678,8.723363
52.2630207,10.4083528
49.3163739,10.7946514
49.7241601,11.0646915
51.2858319,9.6198508
50.530406,8.6766449
49.8171874,8.6422806
49.8006358,9.9541389
49.7766281,9.1682848
52.2574566,10.3668563
50.9285589,11.5841488
49.487318,11.2507547
49.1998736,9.5031067
52.3420229,9.8311171
49.2991437,11.421554
49.1614594,9.5849834
52.1431901,8.6132441
52.4759417,9.6676366
52.4578862,10.5775318
49.0592894,8.4156907
49.9612378,9.1137388
49.9619773,9.1135515
49.9627429,9.1134354
49.9602758,9.1139458
52.4074178,9.5934991
51.3152729,12.320381
49.9294212,11.4702461
51.7290017,10.2504589
49.4477264,8.6901658
49.4661464,11.3208887
52.2497479,8.8997958
50.2305883,8.7733682
52.1309305,11.6350859
52.1294675,11.6287831
49.3038603,8.648954
49.4201431,11.2252737
49.6573956,9.0195754
50.088016,9.1603385
52.1001767,13.1804759
52.0365785,8.8352489
49.9778623,9.1408587
49.4436254,8.6706107
49.4425555,8.6690983
49.9793075,9.1505147
51.9743992,10.224745
49.3909631,8.7016171
49.4064795,8.691822
52.1414657,12.5824457
51.8645455,12.6527259
49.6806555,8.6201027
49.0829443,9.1818107
50.9484945,11.5991103
49.1408227,8.6077439
50.0749519,8.9626011
49.0180645,8.5703529
50.4302972,12.0883539
51.9190804,8.8932958
50.0878204,8.9821613
50.318042,11.563524
50.396568,11.5096
49.4040432,8.6789769
50.037364,8.6032272
50.4249894,11.5968851
49.8414132,8.6842858
49.8410662,8.6837822
49.3762186,10.2200321
50.0785277,8.9360488
50.0661404,8.9709957
49.5648312,11.3603626
49.5595343,11.3663479
51.8132712,12.2258941
49.2645271,8.6298565
49.3609376,9.0227327
49.5568534,8.8124329
51.844584,12.3663755
50.1054143,8.6963844
50.3610383,11.5680865
51.0137003,13.1627657
52.083278,8.7498593
52.1379477,12.5873549
49.6283415,11.2210448
49.6030246,11.2337792
50.1060004,8.7605532
50.1057409,8.7634523
49.8154108,11.2169697
49.2189348,8.6632226
52.0841423,8.7460309
49.3402129,9.2252918
49.2065862,10.1453414
50.183591,8.4688546
51.3065681,9.5014197
50.939503,10.7004859
49.1620727,8.6325394
50.2835782,8.5704959
52.3560471,9.5816655
49.8496376,9.8369213
49.7657222,8.995194
49.3991416,8.9907737
50.0783253,8.4630011
50.0410377,10.5719391
49.320014,12.7058157
49.8058159,11.2494427
49.7783457,11.2943021
49.7883138,11.2793038
49.9612738,9.1253415
49.7541142,9.8490152
52.3071581,9.6003771
52.3818992,9.8356907
50.0798045,8.4536609
50.0795375,8.4507848
52.5050437,13.1626312
50.8009151,10.3037536
49.4136238,8.6925384
51.452741,9.6296297
49.3947754,9.0678261
49.4834393,8.471892
52.0850093,8.7254479
49.3128701,10.6810081
49.4630794,8.9836117
50.052299,10.4942376
49.7601283,9.5207502
49.7584316,9.5178253
49.2592249,8.629687
49.7598035,9.8540174
50.2291755,8.6284448
52.354372,9.6339402
49.3238832,9.070023
52.3433986,9.6157314
51.8381191,12.2370403
49.8736955,9.8779969
49.8740061,9.8644122
51.3960428,8.5666008
52.4321295,9.3919706
49.3693022,9.0220692
49.3214784,9.0658884
49.3209123,9.0671253
49.3205645,9.0723309
49.6162081,9.6723861
49.1710984,9.1109205
49.3922119,9.0841316
52.4139672,8.7058233
51.5598076,9.6085393
52.3243868,10.2250252
49.2592289,8.7148962
50.9463381,10.4320907
49.403107,8.6292805
49.3611562,9.0486608
49.9882644,8.4737944
51.4147222,9.6527364
49.0992044,8.5333342
52.0043856,11.724634
49.453509,11.0796197
52.35681,9.768751
49.3654033,9.0220305
50.7160716,12.93789
52.44448,9.8473035
49.2573148,8.7198505
49.258421,8.7156073
49.9857454,8.6404766
50.9276819,11.5856087
52.3068367,13.2499161
50.7998672,10.2972586
50.799534,10.2977445
52.4093819,9.6286047
49.2439247,11.1314103
52.0971467,9.6359535
51.8364917,8.9325712
49.3268705,11.3097338
50.8543928,12.7457174
50.4961149,11.228269
52.453803,9.6309519
50.7853322,12.5582731
49.6686235,10.8794468
50.2022677,8.5754421
49.8258402,8.6926566
49.8241674,8.6933266
49.4723064,10.93127
49.4797802,8.4881936
49.8699577,8.6804069
49.3182838,8.4353327
50.5960698,10.7192833
51.4405256,11.9592997
49.4715344,8.6543973
50.4255384,8.9307644
50.4208524,8.9381288
51.6249048,12.2696898
52.5043151,13.340207
50.0960315,10.8093841
50.0960055,10.8086861
49.3913056,9.0704441
50.6648095,10.366785
50.1016526,10.7905695
52.1661434,9.7868236
51.1979215,8.7036589
49.0413327,11.3802565
50.2850574,8.4871712
51.8239398,10.3601282
52.1142623,9.6257545
49.7104807,8.6371791
49.1907264,13.0557391
51.8217325,11.2826899
51.822373,11.2858558
50.8783848,9.7235786
52.326429,13.0369964
51.7286529,11.1191877
52.1095059,11.6311107
51.2545563,8.9400018
52.5107083,13.345216
49.5012348,11.4148465
49.1086873,10.6184772
49.4520692,10.826622
49.2116515,9.5322391
49.176462,9.4010134
49.5076826,11.0590176
49.2690489,10.9732193
51.3908057,10.3170877
49.4064958,8.6846006
49.9511828,8.4738944
52.3076382,8.8205329
52.1629534,10.8982325
49.6490831,9.0638569
49.6809956,10.2852741
52.4456046,10.0016769
51.3237182,12.5719314
50.0692254,10.3124456
49.7043056,10.1387811
50.2106168,8.5597357
52.3205665,10.2267134
50.155179,9.2241727
50.5544232,9.6720522
52.0947087,11.6626107
51.4033304,8.7658872
49.4513662,8.6751094
49.4607053,10.9333529
50.0322329,12.1835808
52.1296278,11.6313573
51.4351346,13.218417
50.9506335,11.0402035
52.4408386,9.6314543
52.2479421,10.7546908
52.3192126,10.233917
50.6841299,9.9260526
52.2457711,10.816579
49.0415473,11.3790488
49.4644684,10.9255918
50.2954783,8.4782515
49.395406,9.0078741
52.4185449,9.5888084
49.8906387,10.8882242
49.1545969,9.3696144
50.0711766,8.6692649
52.2088066,10.8038577
49.3375255,10.7884516
51.5525142,8.5588218
52.4559907,9.5477825
49.0675323,10.53081
49.0676792,10.52817
49.4641311,10.9344061
49.8947247,10.8887846
49.3157286,11.0849533
52.4739401,9.7559296
49.2501277,10.4771339
52.2615557,9.0508281
50.9813234,10.3622012
52.1652825,10.8824595
50.9269879,11.5823995
49.951524,8.4576945
52.261228,9.0433929
50.636704,9.3959369
49.3597559,8.8114328
49.8016131,9.9441499
50.2921827,8.4725745
49.8015801,9.9434954
50.6049834,9.3910789
52.465069,13.3256962
49.0314758,12.2082715
50.0311859,10.513114
50.2842653,8.4782217
50.2826693,8.4720591
50.7395159,8.6305497
50.7158266,12.7700254
49.3166969,8.5766891
52.0992802,11.5745327
49.4963572,9.313531
50.6406943,9.3975591
49.7977123,9.9353877
51.9002829,9.1026858
50.7081633,12.7772935
49.8608276,8.5409296
49.4666602,8.7358889
49.7988778,9.939826
52.3571988,9.2831603
49.9254218,9.947794
49.1459845,9.2206664
52.1985265,10.7605508
52.1211108,10.5933831
49.1737016,12.1164133
51.9152104,9.1496629
51.9149306,9.1492549
49.4062631,11.5166453
49.2763762,12.2752665
50.5796838,9.3625294
49.3683109,12.1523106
49.570614,12.1221838
49.5711801,12.1234735
51.7435134,10.2291237
51.7432775,10.229702
50.0431406,11.486638
50.0430663,11.4864534
49.5729283,9.3541609
52.1046226,10.0346519
49.2541837,12.3629781
49.253504,12.3603867
49.4693098,8.7505224
51.1676199,8.485755
51.7753846,9.3798051
49.404912,8.8416647
52.3044471,11.0014453
52.3758526,9.7385781
50.7303253,8.8544668
52.2536935,9.0582999
52.2546718,9.0553093
49.026059,11.9911404
50.2181335,11.3907978
49.4497186,8.6912225
50.1402217,11.9281641
50.902857,10.4373067
49.2226183,11.645448
49.5600594,8.4903509
49.3075075,10.9114497
50.1046852,10.7191668
51.281624,12.4597323
49.5606001,8.5832339
52.1326507,11.6378911
52.2741941,10.6150025
49.4227226,11.2123096
49.4364627,11.239888
49.5603648,9.7062946
49.0667617,12.0899449
51.073506,10.377497
49.4117232,8.8276296
49.0710193,9.7698564
49.510526,11.2578924
49.4931997,9.8167669
49.4932481,9.8167373
51.5555631,11.397655
49.2079495,12.0326982
49.3153985,10.6879164
51.7299484,10.5915575
51.7414058,10.5195881
51.1054454,11.9583732
49.753417,8.6981693
49.1839906,9.7020884
51.4964013,9.4743566
50.078162,10.2016256
52.117582,11.6399776
50.8263043,8.774277
52.3682228,8.9263412
51.4509988,11.9432048
52.3655287,9.9737628
52.3536566,9.3972061
49.3891356,9.1794309
49.7929752,9.9240121
50.6474551,8.6717688
50.1381403,8.6541051
52.4305683,9.4294964
52.3583307,9.7427321
52.355565,9.7450825
52.351749,9.7481491
50.3532305,8.7653403
51.9511497,9.0987085
49.1329041,9.7513227
52.0031435,13.0545161
51.86467,9.0962077
50.5192291,12.382346
50.7877348,10.2086763
50.633368,9.9246322
51.3367932,12.372476
49.9435299,11.0256736
52.4189907,10.7839068
49.9037078,10.9517762
49.4193735,8.4885909
49.6809372,9.7793886
49.2727083,9.3514127
49.1971949,9.3497023
50.403529,8.7853878
52.4189219,10.785417
49.6824061,11.4101972
50.0526787,10.2983306
50.9719569,11.0320812
52.37498,9.7429261
49.9903862,8.6462345
49.0866391,13.2435853
49.8183796,9.8789388
49.8336483,9.8993199
49.8242107,9.8811185
52.2467906,10.7973348
49.3319649,12.1021357
50.5968119,12.3319227
49.8773977,8.6468832
49.8704141,8.6747897
49.8244022,9.8736075
49.8251286,9.8721161
49.5922267,11.0042313
50.3563092,9.5247097
51.9120756,9.1597891
49.8106248,8.5066932
51.563381,12.342702
50.9026394,12.899421
49.8616589,8.6218693
50.6823097,8.6746769
52.3764595,9.7392317
51.6552573,8.6959683
50.3475712,9.5232738
52.2639577,10.5192304
49.5114755,11.8989057
50.9560623,10.6769744
50.9576139,10.6705442
50.9578285,10.671402
51.3117805,12.3220673
49.9116676,10.8318115
50.0188227,8.6962781
50.513212,9.2177169
50.5143269,9.2157782
52.257684,9.1956581
52.0749868,13.169123
52.1267616,11.6387452
49.462287,11.0926782
52.1359331,11.6430721
52.1331214,11.6393829
49.3664219,11.4089301
49.8570344,10.9822109
49.0197673,11.4780372
50.4031945,8.4501384
52.1376377,11.637395
50.4770456,8.90132
52.294032,10.8425895
49.8184593,9.9625676
49.828467,11.37858
52.0099915,11.7168687
50.584324,8.6802836
51.2792392,9.4531916
50.9144398,11.5358547
49.6576007,10.1649031
49.4096879,8.6920076
49.3495484,8.6901612
49.8256617,9.978904
51.6621364,8.7298739
49.5097979,11.4328545
50.5733851,10.5108912
49.673448,8.6138361
49.5951649,10.4295846
49.9746605,8.5324158
50.559788,8.5013472
52.4415452,13.0417555
49.4741031,8.7153274
49.7044352,10.9559111
50.4531308,10.9220064
49.5441103,10.2245273
52.2992269,8.7487711
49.800174,10.1577949
50.9266601,11.5894281
51.3408556,9.3714387
51.7198032,8.7580428
49.8759432,8.6623221
50.7994176,12.8736868
50.800006,12.8753008
52.5024159,13.3325662
52.1952399,9.6016671
50.2709514,9.9166148
49.5516852,8.8131673
50.9692449,12.7786717
50.5433767,8.4094449
51.7831526,8.8162677
50.6280284,8.733645
51.4878822,9.1498992
49.8722315,10.215827
49.8851907,8.9868545
49.8661653,10.2277446
50.6220109,12.3034379
50.3382014,8.483004
49.3291325,8.6920234
49.800153,9.9561406
49.8007379,9.9589551
49.8005539,9.9548559
50.3650029,8.7407634
50.3657241,8.7426718
49.8175078,8.6450681
49.8141356,11.2164453
51.6741043,12.3841033
50.9924672,11.3614769
52.4991726,8.9035237
49.956527,8.4283082
50.1007104,8.6882471
49.5383928,9.5903875
52.452746,8.7928344
49.5829978,11.0175625
51.5511912,10.3821829
51.1713795,8.985845
50.7456073,9.6958066
50.7624836,9.7973024
49.1277836,8.5069926
50.3265917,11.9193391
50.591175,11.5958251
52.1907832,9.5665456
50.5721972,10.4504877
49.4457448,11.0761157
49.9933316,8.8773134
51.2301955,12.7233258
50.4182826,8.7671906
50.7175644,9.9570625
51.2172737,12.7191564
50.1119318,11.4371505
50.1111358,11.4360846
51.8693509,9.1969366
49.4494329,11.0767474
49.7239226,11.0348288
49.8729078,8.659049
50.0512134,8.5839279
50.5275844,13.1331126
49.4876314,8.4743781
50.5057391,9.3307468
50.5100717,9.333547
49.5434953,10.2324745
51.4772977,11.9681463
49.7435312,9.7177095
52.2998871,9.4649125
49.6592699,10.1381691
50.1402747,8.6460946
51.9016922,10.3313457
50.4125152,11.0475591
49.7039626,10.2565392
52.3689653,9.803441
49.4657837,10.9328861
51.3619694,8.8039812
51.6497419,12.4171279
50.9783683,10.3255629
51.8511004,9.8417687
51.9060979,8.7287471
49.2758201,12.3011282
49.1428781,9.2177305
52.1831297,10.8915674
49.7650674,11.3065068
50.7755682,12.5634167
49.0978128,8.6920657
49.0148304,13.1251892
49.2112789,9.5359885
51.3388336,12.3800565
49.3729663,8.9608357
49.6187415,9.5948537
50.0907664,11.8717241
49.8910018,10.8940516
50.2293206,8.6271667
51.122234,13.1233506
49.6211125,9.6611649
49.6215727,9.6592439
49.6216895,9.6591279
49.1992053,9.4973223
50.3764375,9.5247589
49.6234105,9.6617015
49.1816991,10.0699415
49.11763,11.8728307
50.775119,10.8879272
49.4136953,10.1540694
52.1150533,9.2941295
51.3338172,12.6142821
49.7606186,9.5187851
49.1665303,11.8312696
49.1682903,11.8287314
49.1857137,11.6879401
49.2554087,11.6112144
51.1505455,11.8079185
49.066806,10.5670004
49.1272541,10.8427548
49.0513479,11.7722489
49.6887943,8.4510722
52.4391942,9.2252501
52.5232103,9.7478524
50.3318612,8.7515991
49.8929432,9.8350961
49.8944032,9.8334794
50.8210397,10.1164639
52.1513945,9.9486374
51.4626638,9.4670233
49.826272,8.7483507
49.8571162,8.7557968
52.1515543,10.6512578
51.7729703,10.4260771
50.2840239,8.6422993
49.9438073,11.5684456
49.0325462,11.9453659
51.5868111,10.7856936
51.593084,10.7863468
49.7993476,11.2001473
51.1730074,9.2410004
50.48625,9.1086055
52.0189171,8.5311094
49.9755422,9.0431284
49.1192629,10.934687
50.8349993,12.9199938
49.357559,9.3511148
52.2620275,10.5287832
51.9058521,9.2424356
50.3821102,11.5717535
49.8950757,10.8796184
52.3126613,9.6675723
51.0693504,11.0414476
52.1621767,8.9760935
50.349143,8.4830677
52.1198425,11.6298788
50.8823304,11.6125746
49.0345654,11.7618615
49.7035752,10.0246777
51.934699,8.8736139
49.5905623,9.306749
49.2058158,12.0296958
49.7442434,11.248574
50.5734829,9.2971073
49.0602394,10.0938809
50.2954915,11.9185792
49.2818319,9.3630437
49.8059765,12.165836
49.9917444,11.9423008
51.670735,8.6044222
49.9826552,11.9361758
52.3767778,9.7473398
51.7669115,9.3736419
49.500913,11.4141938
50.0485291,8.9364422
50.0489369,8.9370945
49.7713827,11.411151
49.7772093,11.4166454
52.4576199,9.7985333
49.7943933,9.735475
49.621778,9.6586672
49.3182077,8.5685889
51.7721635,9.3809293
51.7722912,9.3813157
52.0458125,9.0212217
51.6599261,9.9951296
51.7675284,9.3543578
50.0135327,8.805915
49.6816594,12.221673
49.683145,12.2226063
51.7669602,9.3775839
50.2392311,11.7191787
49.0637971,13.1373831
52.0103844,11.7319649
52.009356,11.7368693
51.1727907,11.4244725
51.3713403,9.5754758
51.5561925,11.9528128
52.0095372,11.7188908
52.0095002,11.717672
51.9005524,10.4473543
52.3386746,13.227636
50.7204412,10.4477912
52.2893541,8.9145372
50.0747401,11.7690478
50.0697807,11.7750413
52.0140167,11.7196987
49.5258789,8.6796428
52.4453609,10.5388332
50.2046938,10.0123177
52.0622972,11.7883985
49.3083972,8.6341894
52.1647058,12.6061312
49.3666915,11.683934
49.7383565,11.0796237
49.7044768,10.1047056
50.9363591,11.5926011
49.2891751,10.5539552
49.697307,8.6021353
51.1991748,8.5233262
50.8758076,12.9082492
50.7084913,12.7785015
51.5538097,8.5594718
51.7602871,8.7642526
49.8781824,10.8783497
50.0079014,10.55114
49.1483735,10.4210036
50.8353204,12.9193757
49.5087847,10.2842134
49.9877577,8.4366943
49.2608959,9.3538808
49.1696117,8.6860352
51.7579171,10.171761
50.5137227,10.035719
50.3952868,8.8046836
49.1414116,9.3111296
49.1411816,9.3109701
49.1504247,9.2889956
49.2250118,9.8759155
49.8563405,12.1739525
51.3411388,9.4425725
50.3911518,11.6860348
52.3279457,12.7473319
49.1525411,11.9670751
51.8602785,12.0569639
50.3319949,8.5664517
49.6436756,9.2194179
52.3677838,9.0093909
49.6450165,9.2198433
51.3393102,12.3691439
52.4390251,9.4907921
49.8660262,10.174039
49.7495772,11.2188061
49.2721754,8.8434342
49.2688696,8.8440832
50.9753255,10.3339657
50.9771581,10.3273115
50.9774254,10.3232429
50.9385998,10.2614878
51.390806,9.4568863
51.4388389,11.9736186
49.2185462,8.6581688
50.9764463,10.3251477
50.9763006,10.3227958
50.6945674,12.4254847
52.4037867,13.2589674
49.0408387,13.2294275
51.3566938,8.4197458
52.3110214,12.9300053
50.1162666,8.6704007
49.1170686,10.8571401
51.1154453,12.8417728
50.3823488,10.0296449
51.5728374,9.0005263
49.571575,10.2964385
50.3130168,11.9306619
49.9914259,8.7359488
50.4232262,12.9693787
52.3322819,9.1895681
49.9433085,10.4440004
49.9389247,10.4687335
49.4844108,8.4754868
50.1089344,11.4580225
50.8079545,8.777651
52.3464413,12.5261745
52.2734355,11.8616538
49.7534424,12.3861565
50.8400619,12.9146557
49.4078406,8.8362563
51.3160928,12.4061716
50.716233,12.4956917
50.7132599,12.495307
49.4550185,8.7158458
50.5774658,10.4937415
50.5769197,10.4931444
49.762007,9.512734
51.188737,10.0544149
50.0280255,10.4759119
51.9564706,9.2452543
49.2213758,12.1121136
52.1006576,9.3675051
49.5358491,8.497218
49.835419,10.7184086
49.5944235,11.0066647
51.1442066,9.8800468
50.9863315,12.9892762
49.5556577,11.3221
50.6741721,10.9021127
50.9337643,11.0240696
50.958722,11.0113064
49.3148432,11.0416902
52.0166072,8.7499131
49.4578646,10.6321163
49.5111203,10.6376698
51.8295549,8.8662143
51.8298413,8.8668455
49.3212264,10.995875
50.2286292,12.8642614
49.3371328,9.318829
49.61188,10.6541325
49.580604,10.9298271
51.3102229,9.6734807
49.6906361,8.7221758
50.9764955,10.3194819
51.8664125,9.0935457
49.5481901,11.3647451
49.5140333,11.2831898
49.1417673,9.3750712
49.4412231,8.465765
49.0908093,9.7811289
49.3286343,9.3161908
49.0317763,11.6124069
50.2923477,9.3982733
49.3181955,9.1323333
49.3182504,9.1324994
49.3177225,9.134861
49.3180834,9.1345555
50.0199763,10.950005
49.0701844,9.7701139
49.9923861,9.5736735
49.7672502,11.4100432
49.2030138,9.5048792
49.4396692,8.8010492
51.3260423,9.1709636
49.8782277,11.1490256
49.8785157,8.6506279
50.0061837,11.1701173
49.7385146,9.9344119
49.0424047,9.0943384
50.1908623,10.0553417
49.1952547,9.499274
49.4497245,9.4256252
50.5590803,9.6850488
50.5728614,10.4200441
50.5970775,12.9706253
49.9197481,9.1480206
49.9741885,8.5689281
51.7622572,10.1693438
52.5078571,13.3074111
51.8679287,11.2566778
51.1850374,10.0078328
51.1848033,10.0081677
52.4666554,13.2752115
49.1228626,8.5997874
49.3026622,10.5103696
50.5810677,10.4139326
50.5011102,12.1860394
49.5230993,8.6632257
50.057343,10.2826155
49.5909274,11.005179
49.9420768,10.9572684
50.7278184,12.4551715
49.862314,11.1832537
49.3969851,10.440553
50.0034054,10.1188005
52.3803139,9.7430381
49.3405748,9.0950054
52.3407422,9.7026314
49.4853248,8.4783028
50.8756095,12.0471652
52.5178246,13.2085557
50.1053266,9.3787157
49.0200254,12.0885849
52.1045915,10.380576
50.6098405,10.6951242
50.6645221,10.7781928
50.7448046,9.8139544
51.3272601,12.330403
51.7354983,9.7908587
50.8536037,8.4664945
51.0063004,10.1609986
49.7910826,8.6770723
52.5058453,13.3294087
50.1610325,8.649923
50.1575367,8.4722647
49.2728478,9.391716
52.1103228,9.0956484
50.6384757,9.3948104
50.0240328,8.9338675
49.4476662,8.9709373
49.8433632,8.6450134
50.9722133,11.0253605
49.1525351,9.4943401
50.6594771,9.3692076
49.1681276,8.6244674
49.1625286,8.6362836
50.0989417,10.2161728
49.8311824,9.1103738
51.4911286,10.4162964
51.8646613,9.096123
52.3763979,12.920999
50.3107084,11.8971856
49.4463672,11.8548816
49.5199927,9.7488363
49.3735677,8.963855
49.3542233,11.0541262
50.9921411,11.7160492
51.5742618,9.4453669
49.869116,8.7572345
51.6829379,8.6979183
50.2424914,9.3515313
51.6777429,9.7133513
51.3357603,9.5301648
49.2020274,12.0644754
49.843666,8.7089618
49.6373647,9.4403725
49.7224236,9.9605988
50.1902124,9.2703066
49.5126595,11.4377624
49.5130036,11.4393906
50.2918251,9.3956289
51.3065678,12.3781841
51.0864496,11.6240592
51.0871987,11.6248464
51.7502387,11.9712948
50.5261493,10.02174
50.110732,8.4491415
51.9978481,9.6829549
51.087595,11.6227953
49.9763256,8.4561928
49.9850774,8.7128909
50.1906942,10.0878499
50.1910302,10.0872307
52.4948615,13.3369421
50.1620448,11.8443407
51.9883552,9.7160492
51.2074701,8.5373439
49.5975128,11.2123633
51.0889052,11.6304498
50.6914767,10.0984112
50.2564469,8.6430229
50.7163517,12.4778444
50.7172715,12.5024694
49.3822412,11.0404622
52.494652,9.862206
52.4925964,9.859012
51.3270907,9.4408927
50.0982389,10.7858664
49.1585938,11.9516755
50.102063,9.1163725
52.3677822,9.0337191
51.177943,12.8351934
49.4452173,11.8609724
52.3608023,9.0075587
49.1510591,10.3928068
51.4684247,8.518758
51.4452744,8.5505198
52.4319424,9.3154039
49.8102259,9.9857699
49.9028616,10.7861705
51.0520767,10.3970414
50.5535912,9.6725135
51.3395049,9.6625268
51.873728,10.2574867
50.8146563,9.6361458
49.4644157,9.0975165
49.5195014,10.6329173
49.4291271,10.6252044
51.3740736,9.6555482
49.3572572,8.9907165
51.3801803,9.6326332
51.3316602,9.5820824
49.2385402,10.2679171
50.1903724,11.2771326
51.7635698,10.8281271
51.1526943,12.9854103
52.3782285,9.8110446
50.7883054,8.7389961
49.4817306,9.0037079
49.2573288,8.60206
49.4425626,9.1543648
49.3706829,8.8388068
52.3776211,9.9743725
50.2311953,9.3699059
49.4519803,11.0705623
49.3025649,8.6505993
51.9679656,9.147076
50.1642009,9.2584279
50.2276399,8.6172097
49.1383552,10.3156738
49.1386701,10.3156139
51.7001343,10.428554
50.5008196,8.4183321
49.1660861,9.4904491
49.3753259,10.1901447
51.635435,10.6333252
52.2715929,10.440063
49.297081,11.302712
51.1670242,9.3826363
50.337873,8.524517
51.9274599,10.2044255
49.4514998,11.0742423
49.3532657,9.2276804
52.3476646,9.8296376
49.2075149,10.1448661
50.60874,10.6859271
50.6107994,10.6910415
49.2112678,10.6494237
49.2114746,10.6498085
49.2861738,10.7882283
52.5033844,13.3226861
50.0681379,10.9607706
51.2324874,9.3211659
52.1194996,11.6310389
50.2776149,11.4479931
50.065875,10.9602806
51.3195996,9.5078468
51.7126289,8.7509443
49.706961,8.8396315
49.9023322,10.3465564
49.9036894,10.3503587
50.9784389,11.3267888
51.630778,12.2639669
52.2658156,10.5204784
51.3721058,8.7077764
51.373073,8.7138532
49.9908585,8.7133663
49.3189918,9.4620389
50.5712871,10.009377
49.1134806,10.8386855
50.0043932,12.608102
52.4900623,10.5709053
51.3477612,12.425265
52.4382765,10.60865
50.7903516,11.6027051
50.1062967,11.2624335
49.4923672,8.4736254
49.4921401,8.4745162
49.4783096,8.4546393
51.85959,11.5887093
50.0891932,9.0665414
51.3396593,12.3729868
50.1064806,8.7636328
49.4996465,8.471178
49.9256145,12.0825952
52.055433,9.367425
49.967448,9.9785862
51.1988299,9.2989263
49.395587,11.1640897
50.1132969,8.6153201
50.6198891,12.8420177
52.4208466,13.1152491
50.6829764,12.5422326
49.2028628,8.6469951
49.2028711,8.6472304
50.2640819,11.5210545
50.574586,10.5089298
50.8650461,13.325254
52.06508,9.163578
50.1939459,10.0804949
52.0425323,8.9164452
49.3147025,9.1460373
50.9319982,13.3023448
49.4798804,8.4700558
50.103321,11.6486448
49.3993338,9.0089198
49.9464992,11.5691771
52.3647667,9.7468666
52.3664,9.7455667
52.3405723,9.7663622
52.3680872,9.7440849
52.3550615,9.7542447
49.998308,10.9733331
51.2263494,12.3255139
49.0879933,13.2488134
51.5732534,9.4221954
51.0195032,13.3428906
49.4644723,10.6565428
51.2430951,9.4574166
50.0889247,8.448586
50.6707489,9.7649329
51.9566455,9.7325954
49.3492875,8.9098605
50.5555937,8.6822378
49.8668819,8.7580275
49.1244306,8.5998073
50.7199418,12.4948508
50.7204278,12.4943194
49.5702343,8.8212454
49.3738353,8.9809752
50.4278618,12.070526
51.3533473,13.1341488
49.9745989,9.155773
49.9746534,9.1557337
49.7640697,9.3995102
49.3500197,8.9107565
49.3525287,8.9135782
50.9894108,13.1542756
50.1769574,8.6286678
51.4805603,11.973992
50.7156505,12.476872
49.9762118,10.8883104
52.1418684,9.931652
50.9718046,13.1273631
51.2878272,9.6157536
52.0073334,9.710661
51.3172779,9.4981885
50.2124309,10.0901639
52.1681615,9.2496127
52.3672501,9.7450346
52.3584705,9.7520542
52.2306757,9.2368692
52.2671828,9.0472166
52.289428,8.9338501
49.0415159,12.543358
51.8388305,10.4511305
52.1496211,9.9731654
51.9407703,9.7964017
50.0803715,8.5449414
49.4805374,8.4794235
52.102191,10.0298305
52.3510467,9.7553786
50.2163063,10.0521636
51.9547693,9.823164
50.5759034,8.5640906
50.3229819,10.2197297
49.7056699,8.8581837
49.4132914,8.7081342
49.4088903,8.6938003
49.4126713,8.7118726
50.7188612,12.4898227
51.2889895,9.624851
49.5662472,8.7021699
50.1802852,11.5240817
49.7214517,9.9657032
49.3416106,11.052034
51.3170845,9.4974069
49.2434857,10.3825415
51.8547279,12.0442903
49.6975987,11.3004711
50.7208462,12.4949912
49.4695219,11.9701633
51.282597,9.6343343
49.2357521,8.8639276
49.9715504,10.7181087
52.3655192,9.8511067
50.9184175,11.5576924
49.6245649,9.9475147
50.1051253,11.7042921
52.3657708,13.0843506
52.3660089,13.0841
52.3622428,13.0851912
49.0809323,10.3212468
49.0618157,10.3359494
49.06949,10.3168458
52.0112068,8.7062736
52.0108709,8.7068561
49.8521385,9.8830812
50.6276195,8.6352091
50.6206073,10.7723598
49.8814511,12.1092691
49.2527475,8.8729793
49.2526723,8.8728883
52.2049418,10.5261525
49.3383387,10.6611735
51.8764989,10.130528
51.7190167,8.7585379
50.2155125,10.1068665
52.4106984,12.5380037
52.4103118,12.5370948
49.3689384,10.7061091
50.7202935,9.0188804
52.3920702,9.7218762
49.3479398,8.6919246
50.0664393,11.70316
49.4789993,10.9889416
51.724226,8.7534995
49.4602254,10.8445552
50.8350597,10.3522117
50.8325093,12.9326525
50.200374,8.5839004
51.6197735,10.2558829
51.6201466,10.2559299
49.309739,9.4700277
50.8337603,10.3602197
52.1550732,9.9505026
51.2136047,12.3387537
51.3826943,9.1499975
51.3899515,9.1244509
49.741703,8.8566808
49.0382296,9.1911752
49.0301827,12.1250945
51.2125652,11.7699314
51.2108749,11.7694862
49.302896,8.6421041
50.2491846,10.1941988
50.8361599,12.9171287
50.836527,12.9163034
49.0464901,8.4641805
49.7950467,11.1769399
49.1682255,10.3311378
49.1734023,10.8876977
50.1502749,8.6900942
50.7258972,10.0839519
50.2465782,10.9874273
51.4849656,9.0351644
52.0835874,9.234771
51.4119741,9.1371123
52.0828904,13.1663174
49.3088065,9.4720229
50.8627976,13.0151573
50.8488552,12.9174103
49.3059807,9.1527952
49.0644178,8.7178223
49.7570074,9.929138
49.4186153,11.1808
51.7862268,10.9482589
49.168315,8.8542127
52.3541923,13.3071016
52.3551235,13.3082768
51.2940567,9.999362
49.4439251,11.8546469
49.4434411,11.8558985
51.1675023,10.3350825
51.1659545,10.3626264
49.5283634,8.8636598
49.7436221,9.9288278
50.9560579,11.5819532
51.1645852,10.3122071
51.7277221,10.8964891
51.1695354,10.3832632
50.6523787,9.8044712
49.1451169,9.2240261
49.1420617,9.2253537
49.1750865,10.9249913
49.9737044,9.1506951
49.9755056,9.1426997
49.989774,8.6934682
52.242387,9.6427611
49.9633345,9.1267267
49.9630102,9.1262975
49.1407002,9.2168872
51.0584976,8.7938148
49.8619206,10.9110491
52.0626036,11.7824561
49.8115501,10.1702813
49.7635413,9.9484839
49.8774024,8.6632391
51.736342,11.218459
51.7251199,8.7530654
51.725,8.7529073
52.4245951,9.226726
50.8353056,10.0882629
50.5030533,9.479019
49.3630885,11.4574936
50.6248408,9.8731991
49.0851609,9.452295
52.2780004,9.3510354
49.2533264,12.3124622
50.9531809,10.0375371
50.5795944,11.9964109
50.5806054,11.9973937
52.2858131,12.9002246
49.9573188,8.849021
50.7881839,9.7155932
49.0434299,9.0952675
51.0593427,8.7383622
51.0590106,8.7371169
51.8735153,9.7777117
49.0946545,9.7735166
49.0998915,9.779095
49.6603624,10.9785837
52.1038588,9.9608971
49.4536735,10.9713773
50.328081,11.919988
50.3247886,11.9240769
50.5961634,10.7888928
50.6190032,11.1529034
50.1418273,8.7205993
50.1420269,8.7205748
50.1406178,8.7194103
50.1286632,8.706021
50.1290751,8.7074637
51.7147167,10.5245931
50.96021,11.0602508
51.3426128,12.378545
51.3340326,12.3716807
51.3363028,12.3387444
49.895275,10.9307654
51.3176581,9.9136495
49.3712103,11.0844628
51.687222,10.2438498
49.456628,11.0882302
50.5808158,12.7055086
50.6838072,10.7000657
51.8899786,12.6193982
49.4516344,10.6449349
52.4104754,10.7517148
51.8263046,9.1233861
49.1227907,12.7952057
51.7097996,10.5135252
49.4471277,8.89943
50.7025462,8.4606569
49.7723647,8.4728376
51.3247612,8.9229033
49.9347203,10.6295985
52.2097086,13.098597
51.8759598,10.5472544
51.4884719,11.9740639
49.4862682,12.5940347
51.5295983,9.0325028
50.8536947,8.6800845
51.480787,11.9190586
51.4794621,11.9175895
51.4805424,11.94262
51.5978812,10.2421364
50.3156215,10.2222466
52.3723451,12.4278547
49.1635507,13.3646166
50.3235925,10.2367405
50.2592579,10.9629587
52.4495599,13.2748627
50.5896314,9.7120117
50.8174633,8.7739597
50.9176877,9.0526555
52.4633301,13.3245251
50.7339892,13.1008703
51.7177739,8.7567185
49.5073379,8.5063703
50.6369358,8.4374729
52.089707,12.5387891
50.7131467,12.3912143
50.5345084,8.4192897
49.6479797,8.49905
49.3098339,9.4700096
50.11623,8.4195664
49.7030756,12.4248329
52.2623933,10.5281784
50.5936021,9.7588031
51.3126042,9.6661782
49.194836,9.351455
49.3576032,9.418067
50.4260919,10.3072291
50.4288951,9.1808705
50.0504042,8.5667819
50.0504388,8.5668702
49.400666,9.5069008
52.1057935,9.3544563
49.4711362,8.9976403
51.7525757,11.9751481
50.1258996,8.6211317
49.8595376,12.303606
50.5568963,10.3930792
50.07536,8.9501126
49.1280568,12.8728971
52.5158081,13.2612612
50.5395058,8.427427
50.5387898,8.4278776
49.5598277,8.4891457
50.9303228,11.6789593
49.1989919,12.7201299
50.6212017,12.527047
52.0891889,9.9968554
49.1588247,11.9520146
50.1444064,9.3917522
51.3147632,9.4980996
50.2948179,8.6742672
52.3743946,9.040486
49.8049469,12.1849711
49.086767,12.8520863
50.5474089,9.6753415
50.5244723,8.66512
49.8264232,9.4972412
50.0024194,10.2951361
49.0636152,9.7718684
49.0673917,9.783676
49.1030592,9.7464041
49.5072374,8.5112656
49.4109446,8.6941874
51.8787635,10.5575772
51.0006746,9.094148
50.8555546,12.7937979
52.3860344,9.7241555
51.7015006,10.4913409
51.5154554,11.2350069
49.671644,9.7718806
51.3641178,10.0750307
50.4924808,9.9104659
52.0261801,8.5298784
49.0643719,10.5465031
49.0643354,10.5515402
50.3261793,9.4885804
49.4991839,9.0256757
50.0133011,8.8393173
50.0136097,8.8391879
50.0566026,9.3138318
49.4105302,8.7055678
49.6201325,9.3096491
49.6213579,9.3083893
49.4122789,8.7128482
49.5593837,11.3655341
51.9905338,8.9499624
52.3228425,9.3922744
50.3276831,9.5940457
51.5110809,10.7850078
52.2765393,9.8064186
51.0410553,9.148753
51.3320797,12.3539972
50.0556637,8.90987
52.3027913,9.4640109
51.8801206,8.5433669
50.1610305,8.73844
50.5548863,8.5020977
50.7307952,13.1292353
52.1252789,13.1615579
52.1285517,13.1655162
51.3984902,10.0392063
52.3656391,13.0299578
52.3657113,13.0299719
50.1133546,8.6470633
49.4519277,11.0787574
49.506721,8.5292628
49.163892,8.6261029
49.1009639,8.9016401
50.5433778,8.4463027
52.1737977,9.7258626
52.1733963,9.726303
51.7331348,9.2189689
50.6710969,12.9496598
50.6717244,12.9495693
51.3164842,9.5006517
49.4986237,12.2026473
50.6700558,12.9555725
51.3101818,10.3420495
51.3124406,10.33869
51.3097047,10.3405242
49.2792314,9.1305299
51.9913345,8.7908207
49.9059314,11.2238869
49.4600106,11.0825689
50.6707147,12.9539127
51.4877172,11.9742974
52.2809323,11.661559
50.0683166,10.6305259
50.3700941,9.4554476
50.9834616,12.4319374
50.9829403,12.4360245
49.4494945,11.0744461
49.4481835,11.0862933
49.4410802,11.083707
50.1136503,8.6128629
49.2974923,9.6508082
51.0285948,11.5165368
50.7715455,12.6687963
52.3381325,9.8358372
52.338892,9.834578
50.4097882,10.1854376
51.9754452,11.4695185
51.976843,11.471061
51.6675171,12.7190615
50.7590478,11.2708855
50.7592262,11.2908594
49.3914416,11.1106176
50.3955454,9.1388516
49.4639817,8.6455179
50.982367,12.4364776
51.5160049,11.9342091
49.0810569,12.8616308
52.1588659,9.7910064
50.3509456,8.9860997
49.563987,10.6086626
49.4511381,11.0838974
52.0996853,10.0393044
52.2883397,8.9181512
49.164158,9.4526922
50.2229225,9.3422172
49.8619182,8.7285044
50.1824396,9.0069688
50.2863846,8.4622191
50.2815453,8.4583256
50.2860902,8.4620367
49.3932924,8.4380684
49.3615402,11.2666419
49.3638293,11.2592951
49.364398,11.2635011
49.3657077,11.2660642
50.3735823,8.6941971
52.2273141,10.9099834
49.0409071,9.445795
49.4381041,11.2709928
50.9015509,11.190099
50.9015362,11.1913093
49.4548044,10.9766632
49.1340087,11.1217095
49.478655,10.98347
49.7693003,9.5043899
49.4009854,9.0704311
51.39735,8.5747364
49.4760478,10.9908463
49.4780504,10.9909579
49.4882711,8.4421365
49.4742057,10.9878248
49.8748791,8.6582204
50.3361169,8.5335061
50.0696443,8.9161754
50.0854902,8.9034749
50.4842283,11.3914099
50.484129,11.3912155
49.4325636,8.4597478
49.9801271,9.1425117
49.3952112,9.0011778
49.2570873,10.6623877
51.9214749,9.8144686
50.5252165,8.8063633
50.8602003,12.7310959
50.3696916,10.0272444
50.6553797,9.7243558
49.6287701,10.9313049
51.7191434,8.7230493
49.5910461,11.0050661
49.7558772,11.9296969
49.7563645,11.9300229
49.6841839,8.7877847
52.3863062,9.723854
49.4005994,9.2798577
49.6429628,8.6415797
52.3915706,13.1866683
51.8391921,12.4266806
52.2836738,9.4851083
49.4847616,11.8655869
50.2077296,8.742163
49.9818007,10.5551951
51.9231257,9.8677501
51.9185585,9.8703244
49.8977937,10.8901576
50.020009,10.9493692
49.677018,12.1633963
50.1451525,8.5603772
50.2236711,8.6226775
50.2269421,8.6179526
49.6184802,12.3445264
50.7019507,9.7844672
49.4101694,8.6916552
51.3266007,11.1766862
51.3294661,11.1775371
49.9083564,12.5310633
49.9084467,12.5309009
49.9084523,12.5306909
49.9085451,12.5307185
49.9090942,12.5315987
49.4795222,8.4746602
50.8615559,10.576374
49.69461,8.550858
49.6972197,8.549136
51.484862,11.9671837
49.4082706,8.6856858
51.1202119,9.12782
51.4501084,11.804707
49.3283324,8.8336789
52.2556683,10.5961602
49.4450219,8.9956014
50.3034477,8.5688137
49.4643296,8.5664704
51.0873855,10.3496502
49.943431,8.4993331
52.2482845,10.5648685
49.4723532,11.6050264
51.7531629,11.455089
50.1386425,9.825047
49.4667476,12.2137372
52.1475413,9.9315392
50.3658425,11.6409245
52.2881794,8.9212345
51.345059,9.5602008
49.7969154,9.9282908
49.1552807,12.3454728
51.4996101,11.9830052
51.0668965,11.6923214
50.5372564,8.4118634
51.241686,11.636951
51.9491319,9.7331684
51.9493382,9.731654
51.9590727,9.7413293
51.9554273,9.7354571
49.0171379,12.0554465
50.0277661,10.3290981
50.0280252,10.328903
49.519324,8.5670838
50.7549769,9.8155286
49.5087781,11.4315087
49.5081787,11.4309681
49.5080491,11.430907
49.5073674,11.4284384
49.5221046,8.655175
50.2422616,8.6458625
52.2701899,9.7660283
52.270516,9.7658715
51.5934922,10.5892465
50.6412524,11.6300725
51.5203027,9.5534244
49.1818382,12.8622317
50.0903976,10.6959323
49.595751,11.5235734
49.2611673,9.3625289
52.3704682,9.7369629
52.3722654,9.7380794
51.1407938,10.23784
50.6221594,8.4547493
50.7016545,12.176572
49.0202841,9.1019805
49.4734133,11.19703
51.0959532,9.0840761
50.1156983,8.9119375
50.1264697,8.9346563
50.2239379,8.6064089
51.5590744,11.9543057
50.1194263,8.7834428
49.4319785,10.536613
51.7211825,8.8709985
51.5772176,11.6090929
50.7091957,9.7214868
49.0394133,9.0840301
49.0872721,9.2450519
50.4822648,8.6296833
50.1819877,8.4642406
50.826361,10.2316906
49.8793413,8.6563806
51.4690475,12.0300553
51.4694493,12.0299214
51.3318564,9.4493084
50.4895287,11.1038471
49.5085027,8.9652301
51.5785571,9.4285983
50.062357,11.7035226
50.136917,9.182933
52.0843349,9.6118328
52.1130218,9.5617158
51.4357832,8.4091046
51.5728539,9.4186822
49.1754222,8.6759869
49.7316525,8.814692
49.7408108,8.8538444
49.7413895,8.8542211
50.0878086,8.6439415
50.0890573,8.6502767
51.2267986,9.2625059
50.5495918,11.7529427
50.0273941,8.7866882
50.0272887,8.7866288
49.766521,9.7665064
49.343666,9.559229
50.1322362,8.7203793
49.4094631,10.9995786
49.1142243,12.1194286
49.9943025,8.6440413
49.7815352,11.7708362
50.5500567,9.680394
51.3946284,9.466423
51.3936046,9.4670438
50.1249731,8.4392673
51.9980801,11.7240224
51.3650843,12.3526788
50.2598712,10.0828986
49.4077773,8.6801373
49.4086991,8.690543
49.4072067,8.6789696
52.2870286,9.1858232
50.1645026,9.3187187
50.2614287,11.6823961
51.2564733,9.46998
49.4088561,8.681833
49.4145805,8.6901438
49.418497,8.691164
49.4186745,8.6871936
49.4049652,8.6871845
50.2828886,10.0963397
50.1951603,9.2108159
49.781452,8.4663851
49.480607,8.5346695
49.4806653,8.5350702
50.0282867,12.1493771
49.590264,11.0060807
50.8671367,13.018444
50.2908266,11.4505986
52.4784704,9.738421
52.4249248,13.0247037
49.4719243,11.7922246
51.7296233,9.0310986
51.7335371,9.0309484
51.9836439,10.1335296
51.7222105,10.6050885
50.605515,13.1174953
49.3945555,8.4443336
49.3947688,8.4431446
49.3948531,8.4433093
49.3954033,8.4431646
50.654968,13.1577464
50.9256369,8.5005694
52.1344293,11.754646
50.8061918,8.7694332
50.6344389,13.2321671
49.3829114,9.556983
51.6586145,10.919685
49.7778749,11.1822258
50.1024863,8.6440902
50.6435276,13.2095456
52.3044478,10.5512823
50.6703306,10.3716359
50.427504,10.3023216
50.0867753,9.0740918
52.4566554,11.4901493
51.5771943,9.4312381
51.6819724,10.9609593
51.7983767,10.5397648
50.4278383,10.3022492
50.4279678,10.3020406
50.4279925,10.3017154
50.6397896,12.1512389
50.1133032,8.6827543
50.162085,10.033938
49.8029696,11.2529514
52.2810072,12.8892129
50.4124474,9.0093262
49.3288856,8.6653513
49.3290499,8.6654532
49.8984995,9.3937973
51.64633,8.7275898
51.6589013,8.7281619
49.5038031,8.5290925
49.0520879,8.5310437
52.2616893,12.9257855
51.9347964,8.6119687
50.2057475,10.0153603
51.7262316,10.9443717
51.6252286,11.2563626
51.8037427,10.4424583
50.2262245,8.6096014
50.2250459,8.6202213
50.2248364,8.6228505
50.2341527,8.5745212
50.2395443,8.5870195
50.2420182,8.6091291
50.2264498,8.6178388
50.2275014,8.6163379
50.2275814,8.6199029
50.3722045,12.2689889
50.1861093,10.8444321
51.4510422,11.9543955
52.1531299,11.7186495
49.6935623,9.5981969
50.6677841,9.7905889
52.158634,11.7198501
50.166864,9.4183314
51.3747015,9.0318806
49.6658559,10.1474511
49.8445884,9.6022121
51.3897753,9.008523
51.3004413,10.109682
50.259526,9.1800217
52.255485,10.3747879
49.2282408,8.5980263
49.2256085,8.6081517
49.2283319,8.5986271
49.2254235,8.6083341
50.7885419,11.1124807
50.8605048,9.7010179
50.400048,11.6997862
50.320713,11.902004
49.9029134,10.8692664
49.2403023,9.1072013
49.3723393,10.2510759
51.2528949,11.6948715
49.24166,11.0887201
51.3436615,12.3766917
50.5356758,8.5437109
52.413459,9.695042
49.3569336,11.426746
49.0185438,12.0897102
50.8930161,12.9385602
50.6111249,8.4221235
50.0847079,8.9784068
52.3593004,9.7856066
51.0118779,10.1439809
50.5874257,12.3980618
52.3825189,10.5519018
52.3125773,9.8897836
52.3128078,9.8892179
49.9890728,8.4739518
50.6788052,9.5995834
51.7109663,8.7465151
49.1693443,10.3281777
50.5933989,9.7587394
51.1049399,11.8091247
50.5958849,10.3962456
51.1955387,10.1034963
50.4771012,8.9017886
52.3594948,9.7607959
52.3595144,9.7609676
52.3594053,9.758424
51.254342,9.2607093
49.0978117,12.1725328
49.8688018,8.6494313
49.8969283,10.8867716
50.5605088,13.0807813
51.5219359,9.0048445
50.6623519,12.7568402
52.4250859,9.4264739
49.3343371,11.3087571
50.2602122,8.6266839
51.3800113,9.6237928
51.611864,9.5376507
51.8525576,9.8389815
49.1794297,11.5169571
49.2704729,12.3079468
50.9318095,11.6617357
52.4624548,13.3237229
50.1871752,10.840926
50.076675,8.9701817
50.1026591,11.8813381
52.0737509,9.2350411
50.5585907,8.4993495
50.718111,9.8775854
50.5439128,8.4393076
49.4980606,10.3142404
50.7286516,9.7019929
51.8647002,12.6424289
49.4683359,8.7509022
51.1308585,11.7901523
50.1768474,8.7463226
50.7167402,12.4963691
51.0340048,9.4058387
49.503679,8.6021306
50.3541903,10.2574655
52.3016496,9.7342571
50.0857613,8.4491873
51.0649334,9.6463958
50.1146111,8.6497858
52.4648113,9.6170259
49.4675458,8.978826
49.2356505,11.0743512
49.2358245,11.0749948
50.7599658,10.3189671
49.0399174,9.3154241
49.8394681,8.7453703
50.0500143,10.3022095
50.7570318,9.7758134
51.8631298,12.6450485
51.8692771,12.6490888
50.7152567,9.7197312
50.9972339,11.0270946
50.6997673,9.7863728
49.0605791,11.3758409
49.9930191,8.4150377
49.9931784,8.4148111
49.9932744,8.4149329
50.563446,8.5013537
52.3155126,9.5979369
50.8489369,12.4631908
50.7508233,9.2713127
49.1216551,9.6729745
49.3773001,10.2407177
49.5517247,12.0624136
50.1503761,8.4504446
50.1782231,8.4727365
52.3592592,9.8516871
52.2691341,10.6244389
51.3564883,9.0616764
49.2901984,9.080316
49.290466,9.0798091
49.2887796,9.0871691
49.2885626,9.0725966
49.2884699,9.0707593
52.347322,10.1951557
50.1906423,8.4633024
50.9237714,9.9481727
50.8771353,9.9734034
50.1823212,8.4694986
49.4078089,8.8397441
50.9614749,12.5902903
50.9598803,12.5876209
52.489919,10.3120394
51.1255896,12.0437487
51.1199232,12.0214926
51.1199852,12.0277756
51.1212174,12.023829
51.1212217,12.0239061
51.1212274,12.0240036
51.1677062,13.2960947
51.1681033,13.2963004
51.489445,9.147147
50.688622,12.4303883
50.6923277,12.4266249
50.6975303,12.4099748
52.4889055,10.545031
52.4889097,10.5451725
50.1432106,9.2149804
50.6997328,8.4284725
49.0349504,11.4773279
49.1058685,10.0107933
49.9125663,8.6676259
51.7160561,8.7899431
50.9577198,12.0883858
50.2092211,9.1901455
50.1621112,11.8429329
49.3729369,11.7735926
50.7589819,9.68625
49.7117099,8.7300696
52.0251961,10.4352377
50.1251675,8.4393875
49.0434748,11.4608465
52.1965855,12.7643136
50.8089976,8.8246204
50.8090634,8.8242631
51.4131986,9.6524199
51.1908177,13.2991145
51.3332492,9.4590176
50.0446196,10.2276937
51.1231429,9.9762629
49.8599441,12.3060393
49.6997426,10.9384906
49.3927138,11.024332
50.9768501,11.3297111
49.0745363,9.7754299
50.1250648,8.6112994
50.6708811,12.9543369
50.2496472,9.617067
49.3957456,8.90335
49.0357688,11.5881576
52.1460481,9.9565352
52.3189009,9.1829618
51.6417326,10.6309854
52.2728422,9.0739759
50.5706661,11.6061493
49.7473663,10.8570147
51.3705582,12.8682249
49.0296572,10.9725757
49.0310629,10.9706475
49.0311435,10.9709666
51.2599208,9.5001241
49.2163248,12.4595273
49.2175398,12.4569607
51.6361338,8.7570515
50.3250974,12.3976118
50.3217707,12.3755425
49.2260171,12.6557325
49.4114218,8.9146699
49.3541343,11.1466207
49.4077307,8.8383642
50.6162585,12.3073041
49.0740155,11.8024018
49.0749113,11.8632846
52.371825,9.7118551
49.0368181,9.4508484
52.3724241,9.7113159
50.6648206,13.0614112
52.3945976,9.7358367
52.2696297,9.7499293
49.3994194,8.847013
52.3663995,9.7139574
50.0137093,12.2944844
52.3639144,9.4754426
52.3627449,9.4755764
50.4971676,12.4580992
49.4104907,8.8424156
52.3454525,9.8310732
52.3478699,9.830558
52.3488141,9.8348749
50.1797049,8.4692141
50.1148062,8.6783248
49.1249283,11.8425156
51.5718178,9.4802075
49.4008576,9.0727728
49.0738359,11.802625
50.1803145,8.7398713
49.3904414,9.0762495
49.3906125,9.0759813
49.40102,9.0700509
49.401034,9.0699222
51.042952,12.298308
49.9033071,10.340943
50.909602,12.8035084
50.7898918,9.7587585
50.7135533,9.7416048
50.1273726,11.4347121
50.1296172,11.4643885
52.0107219,10.1242361
51.3011201,12.3972782
51.3003755,12.3960766
52.3312057,12.7946368
51.2994155,12.3964056
50.6967117,12.7946174
50.7020016,12.1693417
51.3006803,12.3999017
51.3007021,12.3985794
51.3004757,12.3997327
51.3009118,12.3960501
51.3578627,8.4884483
50.1353262,9.9724104
49.9676388,11.7292973
51.3012002,12.4007728
50.7001478,12.5534896
51.5852565,11.8069201
49.5601592,12.5526666
49.4608877,12.4194922
49.4611591,12.4195417
49.4093039,12.2281736
49.3492181,12.3839979
49.3479394,12.3849398
49.348312,12.3887756
49.3486298,12.3862936
49.3489026,12.3885835
52.2346423,10.5380631
49.6250157,10.5387142
49.6388049,10.5986
49.6392942,10.5923349
49.6906041,10.5406103
51.7264953,10.6093522
50.7671407,10.5840851
49.3051558,12.1051469
51.6669946,12.6012295
52.1252694,10.9989735
49.6604259,12.4755826
51.7943338,11.7429727
51.7203221,10.5976153
52.3801168,9.6935076
51.3394478,12.3853219
50.3705707,10.0266018
52.0012263,10.0927706
52.0015116,10.0928168
52.001682,10.0923298
51.2079218,11.7387208
49.9177692,9.0782406
49.4478267,8.6665643
49.4479069,8.6669961
51.6895079,9.1599758
50.3722016,8.6943359
50.976912,9.7182779
52.1939727,10.961471
49.4966024,9.9357614
49.4967529,9.9354224
51.6994724,9.1599547
52.4243545,9.7919676
51.2725032,12.7169271
51.5958715,11.9543201
49.031109,10.9718045
49.031467,10.9713753
49.2979112,8.9213533
52.1712928,9.7683967
51.663298,10.3417018
49.9037145,10.941055
50.6453893,10.3809615
52.0290967,9.2785046
52.0362925,9.3140684
49.9238662,8.9989827
51.8848632,8.5098102
49.041389,11.3802082
51.2048202,11.9830257
51.7173972,8.7589401
52.0483117,8.8814082
52.0847448,8.8733717
50.189532,9.1985763
52.3093508,9.758508
49.1431105,11.4641576
49.4135401,11.1746095
49.5838706,10.8856537
52.0087952,10.1294177
49.411926,8.6998569
50.3288542,9.8732039
49.8008505,9.9568953
50.9699108,8.6195057
49.6871562,10.6543686
49.0717076,12.2924259
49.0713624,12.2924898
49.0758297,12.2845617
51.0041785,8.751716
52.1645352,13.1073109
50.7921413,8.7414169
51.2769848,9.9665504
49.0331835,10.4242701
49.9388327,11.2917256
49.7311788,8.8148796
51.4181316,9.6483547
49.316581,11.0296366
50.1062552,8.6562185
51.3580174,9.0569558
51.8010974,12.4056046
50.8695738,11.6459676
51.8641764,10.1199902
49.9428791,11.580374
50.6266976,12.5704769
49.8984332,12.3764981
49.1314015,12.996379
49.1173779,12.997783
49.1149833,12.9983762
52.1369044,9.9967416
49.7619531,9.5121825
52.1476064,11.5836244
50.4643115,11.5073776
49.1058658,13.1915377
49.9007263,10.3470379
52.2641446,9.4684759
51.8903277,9.575232
52.1472856,10.9502903
51.3285834,12.3438566
49.9452955,11.1648112
50.5434113,9.7104162
49.4879626,8.4718607
49.48599,8.4766491
49.0775672,9.5639412
49.4737744,10.9871993
50.118477,8.4871651
49.0494651,10.1423041
52.4320376,9.8549242
51.0048643,8.5899514
52.2731999,10.5050421
51.9375542,8.9034988
49.6159608,10.8586096
50.3900839,9.1700085
52.0703876,12.3063843
50.9494477,10.7078781
51.2168113,9.891026
49.37507,12.7047144
49.0400707,11.3701575
51.1978406,9.3703164
50.4758139,9.4402104
50.4903889,9.4517833
49.3816653,11.0318003
50.9171921,11.8598176
49.2036429,10.3117985
52.5054202,13.3388548
50.165393,11.4001244
49.4096598,8.6875604
49.0526734,11.7826351
49.3624705,11.424547
50.6610093,12.6774807
51.6351733,12.3216573
49.6820457,8.6177222
50.2260842,8.6204923
52.0380851,8.9039531
49.4443011,11.0219084
49.352312,11.1780636
50.3388114,10.777499
50.3392136,10.7775572
50.3407655,10.7783318
50.3411339,10.7786815
50.3411305,10.7836732
51.1550338,9.549091
49.4459514,11.0761701
51.5807632,10.2889103
51.5930955,10.2505332
52.2170037,13.0878582
49.7960606,10.9434147
49.7969511,10.9471116
49.1287379,13.2488902
49.1249828,13.2336349
50.8388336,12.9246149
49.0305557,12.7637986
50.1836543,11.4845539
51.9713532,10.7107829
49.9561055,9.1576099
49.9557271,9.1577674
49.2030346,12.5139404
51.1736107,8.5424376
49.7684292,8.9928859
49.9733023,12.2249416
51.1475338,12.8738462
50.8169871,8.7822951
49.5169889,11.4919394
50.0742312,8.4844478
51.2065715,9.8329106
52.4772684,12.8391718
52.4788622,12.8407227
52.4790892,12.8413962
52.3916333,9.8256729
49.125199,8.5981021
50.1708207,10.7334685
50.7146168,8.8240126
50.8177112,8.7710107
52.5114036,9.0769938
52.2610542,10.5175554
49.4504111,10.7794304
51.7261046,10.890763
49.3095977,8.6566635
50.2084956,8.7431987
50.8348728,8.7505347
49.3844571,8.5740146
51.3690386,8.7310133
50.0441258,10.2362098
50.6925513,12.4021562
49.0411772,12.5379099
49.0460307,13.0090024
52.1871619,10.534619
52.2808376,12.8893563
52.2807657,12.8897413
52.2802298,12.8898828
52.404601,9.8449307
51.1211726,13.1187845
49.2571703,8.6029717
52.269757,11.855393
49.8459029,9.2729779
52.1495786,9.9577669
50.4364122,12.9704268
49.3965475,10.6998922
52.3603631,10.1547634
50.5048224,12.894126
49.8914433,10.8853233
50.1446372,8.5011806
49.8937324,10.8766794
52.0394583,8.4942162
49.9284487,9.0771192
49.9225404,9.0803755
50.1116172,11.1113979
50.1120218,11.1113477
50.1244678,8.4628163
49.4201008,10.7334712
49.9874272,10.2766438
49.9875651,10.3002913
49.2873055,12.1418633
49.2884489,12.1414142
49.171514,12.1162819
51.9366377,8.9111659
52.0378756,9.0073945
52.0164481,8.7498064
50.5236226,10.3634271
49.2954553,8.6974329
51.5186442,11.914124
51.4874489,11.9670652
51.4874055,11.9682776
50.5242482,9.8468923
51.9358764,8.8816997
52.1073581,9.2956365
50.7946305,10.9127557
50.2345874,8.5680989
50.2347641,8.5684422
49.6956889,9.6046313
49.6596638,11.0124757
50.8067069,12.5751983
49.3892708,10.7456816
49.4517915,10.7780638
50.62331,12.9237088
52.016083,8.7904097
49.9020846,8.8597001
50.6187732,9.3874465
51.5738856,9.4207293
49.5101353,12.4787904
50.7065297,12.461449
50.3518875,10.6820163
52.3798523,13.1710313
51.7258338,10.6101959
51.7261395,10.6116872
51.7253985,10.6116658
51.725789,10.6117221
49.1530445,11.4485021
49.0645266,9.2654537
52.4875704,8.9160369
50.4032966,11.7620653
50.657,10.5827596
51.0502499,9.1743319
49.8963844,10.8937305
49.9611954,8.9496115
49.4926113,10.4241632
50.2751326,10.2859966
49.35608,11.1381168
49.2275614,10.9486557
51.8505971,8.6232739
52.3830131,8.8060915
50.510554,9.8776218
49.2916959,9.5523853
50.6612007,12.7567056
51.3372952,12.3757147
51.7809319,9.5205005
51.3236074,9.4755899
51.814058,8.9049742
50.0287193,10.2504813
51.9348351,12.1273807
50.9422424,10.0627559
49.7802622,9.1775884
51.0059919,12.9852533
52.5015477,12.0198468
49.3146723,11.511547
50.2850976,9.3512215
49.4398498,11.8588415
49.4516735,11.8779262
50.5950438,12.6370366
51.3945649,12.3967906
52.1915993,12.7582636
52.1991648,9.0808434
52.1808269,12.9754984
51.3525698,12.4629644
52.1965849,9.0806092
50.6629874,11.0793935
49.1043293,10.5808355
51.1705176,12.8413748
49.6597543,8.9669956
52.0417489,8.755199
50.5685512,10.4175757
50.5671434,10.4169636
50.5678431,10.417309
50.5702514,10.4178366
51.9649287,12.0946594
52.3034766,10.2030122
52.4879928,9.8294846
49.6721496,8.8471749
51.9637028,12.0838073
52.1166308,12.0684274
52.11528,12.0825235
50.3999591,11.6996103
52.4775343,8.8970459
51.1555331,11.8012648
51.7628382,12.7049163
50.1929124,11.539242
52.1963962,11.109544
51.5101648,11.9945793
50.7596077,12.6416809
49.4600387,8.4779825
51.517386,8.6447975
50.2554535,10.9627206
49.7032016,10.9271749
51.7854775,11.1302381
49.4540455,8.4828074
51.7254479,12.3574737
50.0957536,10.7997508
50.2363792,8.4431483
49.3058346,8.6436625
49.3030088,8.6431393
49.3015498,8.6395201
50.3243482,8.4730105
49.7226645,8.6128753
51.8592445,8.929653
51.7286702,10.2526683
49.6410672,8.8352363
50.8481939,8.5587491
50.8518509,12.9737252
49.9009562,10.3492405
49.8999386,10.3506754
49.3017425,8.6406734
49.0298404,11.4901636
49.4706207,11.2091882
52.2567043,10.8127519
51.0750693,10.3342958
51.3125639,9.4950908
52.3329534,9.4150252
52.3849615,9.9525209
52.3399879,10.2597773
52.3134453,10.4954848
52.3119824,10.6352195
52.2052746,11.6719018
52.2483477,12.2490512
50.7903156,8.7512142
49.7382656,10.9713277
49.9946483,9.0652921
49.7684484,10.4713951
49.5449304,11.0295937
49.3136654,11.4751406
49.1757183,11.7294008
50.8619645,9.7213442
50.8585755,9.7227635
51.2739485,8.6559746
51.0078735,10.2517874
50.9304916,10.7153375
50.8973726,10.7253022
49.7168057,9.5252968
50.8884981,10.9343391
50.978561,11.1244467
50.9355068,11.3879163
50.8889436,11.8711957
50.8659013,11.7714787
50.9868715,13.1117049
49.6729334,8.596681
49.5078712,8.6369039
52.122351,10.2290887
49.0850629,8.5058511
49.2034712,12.7023299
49.1728307,12.8587654
49.2108319,9.0702897
51.7873503,8.9463608
52.2693433,10.4478918
49.6806719,12.167779
49.1712958,9.9608367
51.7889249,11.146938
49.2966912,8.698078
49.9594485,9.1138141
49.3113102,11.0023684
49.4105733,11.5439242
51.7167802,9.1941176
52.0017938,10.1337188
51.2866931,12.3130449
51.9479025,10.1401021
51.7304135,9.9719912
51.3707599,9.633301
51.3111119,9.5332194
51.7860235,10.3343945
49.203765,12.4937822
51.0065283,9.4731925
50.8341083,9.5736112
49.5860467,10.1754816
50.9108881,8.9643842
49.1949262,12.5226082
49.4928278,8.4699558
49.1886766,12.506406
49.2295208,9.167168
51.2008031,10.1061539
49.3097898,9.4690015
52.1591668,12.7814523
51.2902037,12.1388271
51.1777198,12.0095674
49.1986796,8.5920052
49.1984203,8.5910665
50.4279164,11.7955262
49.9662315,9.1202619
49.9663325,9.1213174
49.9667202,9.1221924
50.3713996,11.7893964
50.325291,11.7858837
50.2032195,11.7780717
50.0540459,11.6225217
50.0518414,11.6216788
49.4089885,9.2458014
49.4092424,9.2374969
52.2860141,8.7106261
52.1559932,9.1058574
51.7864174,11.1522883
49.8995813,12.1054379
50.1353279,8.5113975
51.6902498,11.7683797
51.154119,13.1190597
49.4629267,9.0028978
51.3745859,10.3185627
51.4451184,10.4425595
51.6459961,11.5136684
52.2867838,9.3995686
49.3705195,10.1760024
50.0437216,8.9759781
50.8381175,8.757403
49.4064482,10.3865893
51.3575848,11.1018463
49.6779506,12.1638619
49.2006117,9.5032754
51.4846687,9.145566
52.46041,13.3244987
51.6258697,12.2661852
50.5689068,8.6754099
50.3247958,9.9942565
49.7605973,9.9926897
50.2606462,11.5631453
49.642938,8.6437994
52.2737548,9.5729867
49.0358373,8.7096322
49.0350052,8.7053455
52.0251402,10.4338474
49.4847748,11.0878191
50.9702397,11.151571
49.7982041,10.4505721
52.501475,13.3307379
49.9242366,8.9997495
49.8272314,8.8310937
49.8322449,8.8331894
49.8289868,8.8346268
49.8300041,8.836834
49.9833968,12.174704
49.5955282,11.0062769
49.5954961,11.0005906
49.5954155,11.00545
51.6581117,12.2672345
49.8719592,8.6479402
50.8215518,8.7712645
50.8244914,8.7672389
49.4588034,12.415348
52.5004051,13.321238
51.0162054,11.425346
49.1890868,9.2203119
51.3782972,12.3803359
49.9706859,9.1134158
49.9717303,9.1154034
49.9718804,9.1174638
49.9718686,9.1223438
50.7951387,8.7632233
49.8443223,9.6017559
50.5716215,10.4201315
50.573085,10.4198892
50.5718748,10.4199646
51.3986746,10.0382156
49.9895044,9.1084461
49.989752,9.1088119
52.4525922,10.4392942
49.655925,11.0373893
49.5926721,11.0037866
49.6098302,10.4530813
49.627735,10.4962138
49.6383957,10.4800137
49.0563851,10.8373929
50.1516497,10.6727767
50.1525924,10.6747141
50.5724951,10.4199216
50.5721794,10.4201006
51.4937481,9.1412963
49.6848084,11.6224562
49.3407876,8.7551068
50.7356828,10.1458514
51.9204075,8.6981636
51.8902899,9.6245921
52.2750758,8.7105973
52.2751809,8.7101681
49.1953291,12.5182663
49.4530233,11.0721584
49.4482087,11.0860367
49.9171828,11.077096
51.4449561,13.1731829
49.1976686,12.5171986
52.4551564,13.317908
50.1969858,10.6603858
49.3156288,11.0861745
50.0813305,8.6359164
51.4167209,9.1849626
49.8010809,9.9303285
50.9061737,9.0970592
50.9045313,9.0976946
50.7233526,10.4468685
49.49229,8.4638865
50.559144,12.9026638
49.2436624,11.0887368
50.6879183,8.6069644
52.263419,10.5294489
49.5903436,9.3067522
50.3450537,9.3257375
49.7794608,9.80685
49.7788225,9.799587
51.5503102,9.1577677
49.2909552,11.8675711
49.4687501,9.0805068
49.1391753,12.3336104
50.5331132,8.4159037
49.2957013,8.6987408
51.5118506,11.7913911
51.8700849,8.9455383
50.2396448,12.7485002
49.8400998,9.5818886
50.5237677,10.4725645
49.3942271,8.5011765
50.649859,12.4867222
49.646768,9.232511
49.6597163,8.8484198
49.2952442,8.6963294
49.3610308,11.6288438
49.3656971,11.6440068
51.8225292,8.4454642
49.2369001,12.431967
51.3435613,8.9660102
52.2735778,10.4793832
49.9828254,9.1221469
49.9833842,9.1197946
51.3285814,12.3482522
52.1159119,8.6609409
49.4293072,10.5315691
52.3786071,9.7365487
52.3052561,8.7094048
49.1262453,10.2077618
51.3228972,9.5099745
50.7687616,11.6065217
49.369247,9.1963619
49.9851756,9.1310425
49.9852594,9.1287697
52.1555064,11.6680864
51.0060587,12.985816
51.0057819,12.9855693
51.1921882,9.9017267
49.9105753,9.1500298
51.2999734,11.328016
49.9036154,8.4492234
49.9041178,8.4482542
49.9047415,8.4481956
49.9050212,8.4487531
50.6690415,9.7654806
50.6702286,11.257539
52.1446535,11.6457471
50.6582313,11.9210966
49.8744568,10.2260173
50.3466384,11.5652007
49.7516521,11.4951902
52.33841,9.836069
49.5437594,8.4303453
49.3673961,8.7392793
51.7538458,10.6834719
51.7570411,10.6846755
51.7504363,11.0369104
51.0384533,13.1819083
50.7256665,12.4951501
50.1033843,8.7661135
50.1039692,8.7659043
50.1036286,8.7669772
50.0242628,12.1158355
50.7899472,10.6325933
50.0853624,8.4456205
52.0233169,8.5226992
49.0553789,13.1000644
49.6639527,11.0325157
52.2388778,9.9309586
49.4860033,8.9780177
50.5839752,9.9982627
49.8919227,12.4791675
49.3523647,8.8931894
49.795683,9.9271432
52.0362562,8.5063735
49.4867032,8.4733038
51.3535728,8.4870491
50.0895573,11.1922588
52.2802193,11.3227459
49.7974421,9.9485981
49.7795859,9.9354538
49.7831727,9.9298721
49.793258,9.9280536
49.7871965,9.9405956
49.7945946,9.9418026
49.7967181,9.9293696
49.7882917,9.9299562
49.7889809,9.9470204
49.7943903,9.9274027
50.4599401,11.4290063
51.4404529,8.8740929
50.1159005,8.6743695
50.361435,10.1283733
52.1407491,11.9536506
49.0701066,13.1025178
52.2623213,12.9267213
49.1203692,11.7119602
52.0475233,8.9112437
52.0430268,8.925857
49.7208382,11.0646895
50.1813868,11.3744512
49.1605573,12.8684697
49.1612019,12.8680566
50.2775875,11.5260187
49.8390166,9.1429303
49.5393515,9.1926095
51.4986234,12.1716689
49.5271831,8.6496319
49.8017311,9.954493
49.7917445,9.9294251
49.783467,9.9370321
49.7935522,9.927628
49.7965268,9.9417955
49.797948,9.9417888
49.7987602,9.9294333
49.7970635,9.9365894
49.7887618,9.9366617
49.7935314,9.9527335
49.7883229,9.9326384
49.7843295,9.9289852
49.7919385,9.9300931
50.2737673,9.9351478
52.2598361,9.4647181
49.4102016,9.4390777
50.4268459,10.7302288
49.397309,11.911447
49.4016096,11.9075873
50.6264201,10.41037
52.0172205,8.5268719
52.1353215,11.6318734
50.5823432,8.6670524
49.8462594,8.6427464
50.1182236,8.7022532
49.7667082,9.9316955
50.0943754,11.1674915
52.4026693,13.0522245
51.8878432,8.5212998
52.3758857,9.7389042
51.5047693,11.9814046
49.8343694,10.9406453
52.0557034,9.9063395
50.5652143,10.415066
49.5349113,10.7717696
49.190391,9.796725
49.9011659,9.0723307
51.7839926,8.8128751
50.1444804,9.3917708
49.1302846,12.999606
50.5684797,10.4138057
50.5696764,10.4143502
50.5687871,10.4145791
50.5691815,10.4140199
50.9820903,12.9989237
49.9849474,8.4819563
51.3246982,12.0113688
49.8168773,8.6952554
49.0621973,13.0694592
49.9734617,8.547083
49.9753463,8.5244116
49.9787124,9.1330303
49.7519727,9.9630547
49.2432841,8.8780678
49.4119817,12.8025923
50.8577586,10.5599478
49.3940073,12.6259241
52.1101186,11.6049416
49.2059897,10.7633091
50.6375252,9.40368
52.0565016,11.6369904
49.1989525,9.5224375
50.8791242,12.0870806
50.4327488,12.8698569
52.4399987,10.2565248
49.1390826,9.2220327
49.2435722,9.849152
52.0307924,8.5331861
50.3008004,10.2866531
49.5076631,11.4080434
49.4447484,11.072312
50.5922048,8.8833347
51.3429559,12.3759142
51.3540037,12.4565663
49.7845223,9.9714716
51.3754553,12.3812437
49.5823791,10.6061304
52.1070356,11.6407696
49.9986144,10.6112118
51.8374846,8.6864331
51.8399589,8.6821751
49.5129071,11.4454056
49.5591891,11.3403335
49.4453505,11.0742241
49.4480884,11.086278
52.1091431,11.6196201
50.1003056,8.6684744
50.0983218,8.6781089
49.1306022,11.5962712
51.4744558,11.2873224
51.497247,11.924577
51.496898,11.9244321
51.4973672,11.9256975
51.4976788,11.9255514
52.3386288,9.7705082
49.4027605,10.9945112
50.3476904,10.263297
49.4194724,10.4889967
49.5736849,11.419407
52.264675,10.5280437
49.3204231,8.8699917
49.3186721,8.8692714
50.1213449,12.3574696
49.3464468,8.9319116
51.3271847,12.4185755
49.8823375,8.6454394
49.4594863,10.3077775
52.4400242,13.181671
52.2071541,11.7341081
49.3223528,8.6922857
49.871676,9.9862397
49.5222899,11.9166219
49.8183442,8.6352566
49.579834,10.6072971
50.1029398,8.7545983
49.1728305,10.2924775
50.6142231,10.3886982
50.5634311,12.6402494
49.5721798,10.9224078
50.0654443,8.5478099
51.6039712,10.5118988
51.6016705,10.5128617
49.4192863,12.9916227
49.5347641,8.4995837
49.8890978,8.6705381
51.2053549,11.578714
50.5526949,9.6808535
52.0606728,8.5354011
51.9373962,8.8841012
49.9797089,9.1480634
50.5686346,10.4160422
50.9561624,11.3279953
51.9914998,9.7040446
51.7644582,8.928072
50.5701857,10.4181183
51.8264637,11.2810687
50.3220287,9.4309845
50.5681023,9.7135825
50.8813073,11.0878202
50.5574684,10.3966409
50.5430607,9.6764021
50.978051,11.034774
50.5766606,10.4630101
50.9134954,10.2024589
50.3602055,12.1974347
52.2052144,10.5244959
51.8403564,9.2272149
52.0493722,8.882078
52.4655019,12.8080289
52.3392543,9.6742612
50.8562861,12.0436589
51.1191975,12.8193337
49.1477495,10.472099
50.4282615,10.3018557
50.7559234,11.9574051
49.2815364,12.1728543
51.0673733,10.1401797
50.1291916,11.2466311
50.0546659,12.9346017
50.7743085,12.550688
52.3357446,8.7449116
50.1089088,11.4570817
50.754099,12.6200416
50.0283932,12.0711241
51.0580925,13.2995123
52.277711,10.5467143
50.7526732,12.6138184
50.1058585,11.4609691
50.1055485,11.450079
50.1073776,11.4581666
50.1054099,11.4502801
50.1049114,11.4473913
50.1080829,11.455139
50.1097848,11.453998
50.1053462,11.4498469
50.1854689,10.8437338
50.1858673,10.8442944
50.5486087,12.5828299
50.855847,12.7274486
51.842651,12.6429073
50.5682398,10.4140289
52.3974512,8.7723226
49.7076517,11.3755783
49.7720783,9.963652
50.8016807,10.2336652
49.776716,11.1806737
49.4963891,8.4160781
49.8422733,9.148284
52.3719329,9.7827869
50.1016712,11.4470136
52.3584832,11.7145411
52.3504634,9.81857
51.4925423,11.5717806
49.1778415,10.0816755
50.6565416,10.5789587
49.9256194,12.25153
51.1511636,10.4701033
50.5095517,8.9807437
50.6423781,13.3414209
50.0873648,8.6670005
50.5688606,10.4145109
50.1099586,8.6981447
50.3038623,12.2452658
52.2224514,11.7060426
49.4538661,11.0786117
50.8599841,9.6821332
49.0253068,9.2180608
49.5683885,8.8301401
49.4870538,11.1119664
51.5038043,11.9816015
51.5041851,11.9815174
49.4701174,11.2020142
49.8902291,10.9053623
49.8959847,10.9236624
49.9848725,9.1280132
51.4883171,11.9377881
49.0193293,12.1023269
50.3391593,10.7801172
49.7599335,9.5127821
51.3124941,9.4456856
50.1053373,8.7505787
49.6951696,11.1284444
51.137041,13.0280355
49.3030166,9.1541903
50.6266158,10.1558298
50.6267277,10.1600827
52.0458654,11.7643721
50.5071307,9.5688745
50.0603239,10.2908573
50.0615425,10.2906901
51.0340008,9.4062688
49.0482279,9.3015455
49.6719988,8.5444263
50.0839039,8.6619902
49.950566,12.2399795
50.9391911,13.2054099
50.0118986,9.3945363
51.8562401,12.0569995
50.9580592,13.3310744
49.3496695,8.6903778
49.3497162,8.6910666
49.1926032,8.8247483
51.158541,12.9501825
52.2419045,8.979489
51.099384,12.4781879
51.1942876,9.4106227
50.43379,10.1046308
52.3030373,13.2553319
51.9713046,10.7041982
50.6518389,9.5176258
49.5003617,9.5389837
51.9669146,8.6320185
50.8782804,9.1062202
49.4175091,10.4243088
50.0394102,11.3562194
49.0490911,10.6017517
50.0861745,8.4487064
49.2636424,10.9663332
49.7719674,11.1710986
49.7129012,11.1737109
49.7109619,11.1707501
49.7067435,11.1594733
49.3198905,8.8670401
52.1178192,9.0989848
49.3200308,8.8681063
51.2942813,12.6361838
51.5737573,10.9554036
51.6387451,9.4188511
51.6396877,9.4181963
49.7308962,11.1402099
51.7908855,10.8183013
50.0526635,8.5899629
50.0999141,8.8749804
49.9956869,8.7357779
49.4206709,8.6840395
49.872736,11.1781593
49.8662425,10.912236
51.3412176,9.4429902
52.1734612,11.7949015
52.0221931,8.5289679
51.345134,12.3839693
49.3559772,8.7793462
52.0117261,9.8447129
50.2187874,9.9571537
49.9456806,11.6202074
49.303021,10.5708982
51.3447848,9.4448561
50.3580975,12.4674385
51.1914319,10.4238654
51.2893759,12.9361157
49.204854,10.3019761
52.2342852,11.7257112
51.409196,12.7842319
49.4768243,8.7644156
50.2959402,11.0211947
51.9077832,9.5090507
50.2379865,9.6838287
50.5701713,10.4176194
50.5677967,10.417201
50.5681144,10.4136202
49.9207354,11.0887255
50.5686134,10.4169091
50.5685035,10.4173396
50.3188251,11.9177051
50.3232885,11.9176386
50.3233869,11.9183828
50.3230547,11.9170645
50.4686527,10.2041839
50.1823808,10.3283527
49.296525,11.4701101
49.2959585,11.4694494
51.3404094,12.3641141
50.4334179,8.7205114
50.9705953,11.8506257
51.6305308,12.3859061
50.6206981,12.3047544
50.6205383,12.3044969
49.5476504,9.7124161
49.2538394,8.877731
49.319552,10.5052847
51.4886854,10.2457409
51.822631,9.666209
52.1238988,9.2216397
50.7377164,8.6255368
50.737695,8.6257831
50.4686738,10.2042167
52.4603408,9.8160542
49.8421678,9.1485476
51.1535382,12.4895796
52.1921828,9.8924067
52.3750312,8.4534666
52.3025186,8.6190858
49.0760343,9.1585729
49.4079207,11.0085657
49.4068228,11.0059469
51.8437542,12.3666271
52.1842131,11.5722617
51.0164473,12.7424818
51.333338,12.3943468
50.831795,10.0264013
50.5774175,10.5012317
50.5750372,10.5018749
50.5764389,10.5038995
50.5768068,10.5016974
50.572335,10.514133
50.5720665,10.5136461
50.5759448,10.4967695
50.5770873,10.4972826
52.0261253,8.5363513
51.7853998,10.2253785
49.4223745,9.3842983
50.2338543,8.753942
52.5112443,9.0725694
52.5106869,9.072206
51.0980927,12.3317766
49.0200507,12.0892501
52.51089,9.0714589
49.2734475,12.8147583
51.4484981,9.4067002
51.4569685,9.423721
49.9297842,11.462669
52.3417309,9.749488
49.2663009,12.7536415
50.4802407,9.6906109
49.7017249,9.2555168
51.6550175,9.734316
51.6593965,9.7373638
50.7419845,13.0735387
49.696752,9.593882
52.0267885,8.5334338
49.4616173,10.8958148
52.4272302,13.326749
52.4219862,10.7838785
52.2443204,9.6249173
52.4835767,13.3603737
51.8067306,10.3361281
49.6110119,9.4755518
49.6090458,9.4737715
49.6083311,9.4741615
49.6083047,9.4738782
49.6083809,9.4735217
51.9189804,10.6621134
49.8219755,8.8478825
50.8543679,10.379871
51.4967197,12.4967211
50.5241799,10.4824343
49.0170577,8.5145107
52.2587297,9.4226784
50.7225805,10.9362144
50.8219135,10.9555203
51.499109,10.2623087
51.4939258,10.2657406
49.7824828,9.9347406
51.6073602,10.5093966
52.0882381,9.8537753
50.6100213,11.9959203
50.7565566,9.2325029
49.4046389,8.6668812
51.03238,9.405926
49.3651974,11.4153609
50.9323982,12.8252976
50.9458894,12.7607552
51.1129037,10.660724
50.8396071,10.3593308
49.6966192,10.9486819
52.0349377,8.9682903
50.7389831,13.0006556
50.019587,10.4846665
51.4750834,10.3108795
50.471627,9.7890819
50.5497973,9.673509
50.8804868,11.0186557
49.5690684,10.8828763
50.0804398,10.649416
49.3550669,12.207543
49.6072857,12.3196186
51.8798742,10.562749
52.1412747,9.9617955
51.1769933,9.5019034
51.3404988,12.3660726
51.4698891,10.2633682
50.6743086,10.9026848
50.426553,10.2925745
51.5491043,10.7056944
51.5500184,10.6883334
51.5556059,10.7113338
51.5576997,10.6906433
50.1054105,8.7523065
50.4581568,10.2721755
52.1041827,10.1277156
50.6738409,10.9310654
49.302902,9.658486
52.3682308,9.719403
52.3786482,9.975938
52.3753104,9.7411875
50.9867226,12.9604384
49.3154953,8.8643679
50.8055667,12.2985643
51.8563163,10.3364097
49.7660885,9.7585058
49.7665094,9.7614694
50.868456,10.4087359
50.1125289,11.4633303
49.085091,9.6109095
52.0201221,8.5357877
49.4540242,11.0748626
50.7461873,12.9034693
50.7304746,12.8667843
49.7331253,9.9884284
52.3487026,12.6978055
50.7991284,12.2217578
51.055273,11.5287286
52.280683,9.5069865
52.2818641,9.5165516
52.0930043,11.1593572
49.7905857,8.6180211
50.1374168,8.7317759
50.1391941,8.7284232
50.3794993,11.1713777
49.767612,8.6043868
51.3777785,8.5896271
50.1405357,8.6486928
50.3748236,12.484476
51.3307627,12.3221538
49.5755532,9.0137763
50.3508532,12.3975355
50.7151714,9.7196454
51.7898446,10.9570464
50.5808863,10.4140574
50.4663085,9.6367
52.2476759,13.2609407
49.2565328,11.448387
49.059027,9.2837362
49.5641968,8.8117606
50.4548724,11.6401754
50.5760103,8.5632295
51.3728836,10.6041028
49.624771,9.6658124
52.3060509,9.464822
50.3782622,9.950877
49.4579748,8.5634797
49.1675368,10.331448
50.8418366,13.1264758
50.8406438,13.1265169
50.721102,11.3449608
49.4482331,11.8881452
49.4462851,11.8879798
49.446143,11.8872454
49.4471287,11.8882467
49.4453667,11.8908989
49.445405,11.89121
49.4414752,11.8882889
49.4387985,11.8851364
51.9218524,9.1544836
49.3051012,9.9124879
50.8643361,10.5562447
50.8694249,10.5571087
50.8227493,10.5759129
50.5157947,11.0018232
49.990651,10.248878
52.3881779,9.7331324
51.4540971,10.478873
51.4965563,12.4970378
51.4961086,12.49707
51.4959862,12.4970516
51.4958475,12.4970242
51.4956796,12.4969907
51.495535,12.4969696
51.4954399,12.4969508
51.4953027,12.496923
51.4951502,12.4968968
51.4948805,12.4968419
51.4947322,12.4968138
51.4946041,12.4967944
51.4943641,12.496742
51.4942495,12.4967228
51.4940944,12.4967034
51.4945171,12.4967757
51.4945565,12.4968952
49.8105168,9.9855719
50.7139709,9.5427686
49.3085893,10.9112537
52.0141302,11.7407558
52.0121484,11.7435461
52.0107788,11.7452094
49.4496569,8.9133668
50.5366855,12.6211724
51.8682654,8.8684329
51.2414743,9.2635599
52.4203693,9.5654693
52.0376254,9.0060766
51.7472909,9.2255315
50.2288991,12.8761536
49.9941534,9.228958
50.5434713,9.4726973
50.5433831,9.4709908
50.5487538,9.4771464
49.4857252,10.7853582
52.4287625,12.7239628
49.676996,12.1632452
51.1790114,9.2556015
49.3240276,8.8730746
49.0304527,9.643065
51.9118653,9.4250625
50.1362569,10.5240155
52.5131763,9.0764632
52.5189915,9.0638866
52.5198392,9.0635932
52.5208528,9.0633458
52.5217379,9.0633947
52.5226289,9.0634575
49.1683469,10.7592674
51.4900006,12.4991413
49.8007811,9.9503316
49.2388087,9.33145
49.6163735,12.3686009
51.8233046,8.920112
51.0390005,9.1641543
51.9116137,9.2519362
50.865378,10.8549157
50.8972628,11.2818861
50.6572933,9.7138606
50.9084577,13.0004965
51.2772638,8.8888273
51.2776011,8.8884739
51.2777354,8.8736066
52.1341104,11.6345711
49.3797356,11.3565646
51.2789701,8.8704585
49.3598446,10.3988827
51.814247,10.2440117
51.2731467,8.871274
49.9614607,11.2233075
51.2750583,8.8710819
51.2744591,8.8707841
51.2747556,8.8707736
51.88134,11.1698959
50.57862,8.6777238
51.1806128,8.997462
49.9183463,9.0787636
51.189002,11.1631619
51.1888203,11.1632671
51.4961831,12.4974093
50.8456078,12.3772378
49.3134119,9.199903
50.8064107,12.9832636
51.7437425,9.7467056
51.7423304,9.7571356
52.1060933,9.361234
51.0767708,10.1327549
50.9080865,11.5923037
52.2405833,8.9896991
51.5310633,10.7605505
49.6097557,11.2618029
49.6769637,10.0440115
52.3070551,9.8549268
49.4296277,11.5440248
50.8884884,8.910563
50.5682275,10.4162554
49.3289826,11.020249
51.3698146,11.0004848
50.8970065,11.2308195
49.1075088,12.8835959
49.0739545,10.5242648
49.0760681,10.5309015
51.1793531,11.7507336
49.09235,9.4139872
49.48827,8.8576435
49.1919586,9.2226904
50.5666363,10.4143619
49.2321645,9.2005429
49.2320839,9.2004222
49.7616166,10.5561447
49.2095408,11.6523582
49.3141513,11.5113211
51.7931912,11.1611548
50.798114,13.0919252
50.7236098,8.6087094
49.7529497,10.9850781
52.0790148,11.1698395
51.8306541,11.1996304
49.4728759,12.7288994
50.9756947,10.3301802
50.4309643,8.6710587
50.4325764,8.6704598
50.4329402,8.675082
49.771327,9.2463778
51.7015517,10.4910082
50.456095,13.1520006
50.6439249,13.0640725
49.7951716,9.2678422
50.1982771,10.0581273
49.7238435,10.8803819
50.5646936,8.619841
50.5650213,8.6260899
49.82094,9.266426
49.7107999,9.2700845
49.7301298,9.2349341
49.3659694,8.7433724
49.0315903,12.1152402
50.5277114,10.0902396
49.8254283,9.2542809
50.2855001,9.351781
50.4329374,12.108753
52.0449187,8.6097541
49.9012079,10.9057551
50.2736825,9.3053918
49.0611454,12.084159
49.6584146,11.0330718
49.6591818,11.0334294
50.290155,10.1748846
51.4894264,11.7015105
51.2134952,11.7331316
50.5666039,10.4166115
50.5676551,10.4140065
50.5665643,10.4155152
50.5666947,10.4156278
50.5669949,10.4159637
50.0098944,9.9496432
50.0108644,9.9488768
49.3815438,11.2039619
49.3816193,11.2040625
49.2145555,8.8759243
50.1936335,10.0610163
51.9388794,8.4378906
51.8866539,12.0172575
49.8596121,10.190849
51.3424295,9.9433193
52.136776,9.0577922
52.1270836,9.0188925
49.7968119,9.2046823
49.8714279,8.6484839
51.1928219,9.8903507
51.1928808,9.8900892
52.2759671,9.5740911
49.641952,10.2906875
50.7445367,12.7619888
50.4325626,8.6696881
51.1051957,11.6661103
52.3156204,9.5980997
49.6675537,11.0700356
50.6942223,12.5351061
52.2321121,9.2993795
50.7017113,10.4827383
50.379099,9.3446854
51.4836563,12.4134265
51.4834275,12.4151449
50.0429848,8.9757305
50.119646,8.7833846
50.8012539,12.71342
50.805422,12.7141514
50.4328206,8.6721048
51.488487,10.2486093
50.3279426,9.2874598
49.4621379,11.066891
51.4290199,10.8717911
51.4226209,10.8631435
51.362815,12.3705819
49.7614606,13.3617431
49.1335457,9.4117568
50.4355614,8.6713035
49.532598,12.1353854
49.0164121,12.0926859
50.9324541,11.5932398
49.2106098,9.3521954
49.8050733,12.1844881
49.9368268,12.227393
50.0539714,8.6942315
50.9134795,10.9135937
50.2955976,11.1568232
51.0250851,10.507456
50.2294023,12.8758679
50.6262323,10.1581969
51.2754888,8.8799123
51.3026586,12.3740748
49.6785051,9.2860537
50.5768907,8.7545933
50.5766902,8.7522685
50.5768162,8.7507799
50.577449,8.7546047
50.5802568,8.7552967
50.5804407,8.7546932
50.5790801,8.7500708
50.9777545,11.3242586
50.9777166,11.3244446
50.9775785,11.3250706
50.9775443,11.3252109
50.9775014,11.3253871
50.977361,11.3259641
50.9773167,11.326146
50.5796841,8.7534146
50.5793055,8.7570425
50.5795797,8.7573496
50.1122958,8.7542822
51.2233144,9.2714788
49.3280174,11.3025718
50.5799209,8.7574595
50.8400858,12.4402572
50.8388987,12.456099
51.7179275,8.7492909
51.1328839,9.2643941
50.1126229,8.6756813
49.4317508,10.9694222
51.9366191,9.6762773
52.0526394,9.403902
51.0013881,9.5486067
50.7252778,12.4976098
50.724709,12.4982589
50.7255881,12.4950073
50.7234173,12.4988431
50.7229453,12.499178
50.7235183,12.499489
50.7176388,12.4974335
50.715938,12.4961596
50.7139742,12.4953392
50.7139321,12.4956016
50.7189511,12.4990424
50.7200447,12.4998039
50.7197795,12.4995582
50.7202485,12.4991774
50.7205103,12.4988389
50.720612,12.4990231
50.7159203,12.4972025
50.7269715,12.4963111
50.7271055,12.495202
50.7246981,12.495971
50.7250549,12.4952063
50.7236141,12.4986592
52.413473,9.7466722
52.4134742,9.7446375
51.3414836,9.4710148
49.4599592,10.9290757
49.2161921,10.1652673
51.4168814,11.6499955
52.4144092,9.745175
52.4143716,9.7431419
49.6955412,10.3670854
49.77088,10.3399905
50.639813,9.2488976
49.2385492,10.2899701
49.2546761,10.2817753
51.2946248,12.5934698
52.4423676,9.6691683
49.4405241,10.9482127
49.8390139,11.0751279
52.5134661,9.8983985
50.7875435,11.7074159
50.4267379,9.5975098
50.4617985,9.484747
49.6181021,12.8553491
50.4880983,9.8677799
50.2646783,11.5209898
52.5146266,12.3676646
52.5146266,12.3676646
51.0686289,8.7945692
51.5378491,9.7288503
50.9007725,10.9593122
49.2426295,9.407716
49.249655,9.4559861
52.2082817,9.5350779
51.3378043,12.4131366
52.123355,11.6298649
50.779931,10.5286641
51.954409,9.1734774
52.4474224,9.6526095
49.7931761,9.9352353
49.0331746,11.4495673
52.4470291,9.6550142
51.7405486,10.5991387
49.4622039,11.0211663
50.6580142,10.5665249
50.1511672,8.617029
52.0849151,11.5752039
51.1939927,9.1330523
51.200116,9.1277414
52.2031585,9.2008107
50.1419706,8.6690927
49.1255053,8.5916846
49.1256392,8.5917695
49.4857584,10.2127983
50.5664753,10.4144409
50.5663918,10.4145093
50.5666388,10.4146045
50.5678834,10.416584
50.56792,10.4167738
49.829872,9.2123533
49.9232165,8.890445
51.3810458,9.7629013
50.6003939,8.7369494
50.1505794,8.6169197
50.6587612,12.5537348
50.5821043,8.7528019
50.5823081,8.7528319
51.3967583,8.5716101
50.4319585,8.6709697
50.2392803,11.7112544
49.8302116,9.3556456
50.5717819,11.1272463
50.5719301,11.1272758
51.3180336,12.3686651
51.9733064,11.7770888
50.1782338,12.1848984
49.3730755,10.1788416
49.3306643,8.4321624
49.3307499,8.43358
49.9363983,11.5780857
51.3168746,8.6691935
51.3169194,8.6682005
51.2861103,9.6046704
50.65281,12.5657017
49.4836203,10.6523259
49.3306625,8.433758
49.3305684,8.4339591
49.3303871,8.4343852
49.3303101,8.4345641
49.3303699,8.4341503
49.3301751,8.4337339
51.3337526,8.702821
51.2851429,8.6218589
50.0455416,10.2259166
51.3038732,8.5922498
49.4511699,11.878775
49.1753692,12.6512146
51.7292406,11.1222779
49.0240463,8.7588493
51.6342735,10.4653295
51.7642544,9.373342
50.6417257,11.1953563
51.1642721,10.4209488
49.7797883,9.1830501
52.2867454,8.9163168
50.5376326,12.9214427
49.8911966,10.8823497
49.5828964,8.7885645
51.4446035,10.3348155
50.1219995,8.6587404
51.9827777,11.0444103
51.1587155,11.119412
49.44893,10.989492
49.1237337,8.5969463
50.761913,9.795312
51.1632784,11.1910637
50.4350739,8.6754314
51.835624,8.9432362
49.4758631,8.4720098
50.2439919,8.6471083
52.4607641,9.4879402
49.4830622,11.0558117
49.2174508,10.9451754
50.3656073,9.6305116
49.1749986,8.516048
50.2934508,9.115401
49.3685448,11.5104331
52.3235678,9.4019514
49.7874041,9.8821768
49.8737404,9.1502658
50.1423256,8.7205133
50.0825201,11.2358905
49.3785777,11.3993177
51.6387001,12.3093908
49.8137966,8.510198
52.0911673,9.038288
50.3688901,12.8176779
49.0979651,10.7750068
49.4343712,11.2333402
51.4942479,9.5710461
52.0135282,10.1088493
51.4349006,10.6235344
51.4337286,10.6225181
51.5228676,10.768631
51.5056508,10.7866113
50.4352688,8.6757237
50.4345035,8.6753006
50.4358878,8.6760584
50.1146005,8.4236464
50.4742976,8.9910219
51.2566515,9.4180512
49.2540824,8.5472685
50.4359454,9.0277684
50.4240854,8.9953872
50.4866394,8.991506
51.0527289,8.8080364
49.0883707,8.7786919
49.8015176,11.406636
51.1800372,13.3251897
49.3145907,10.4400605
50.5896011,9.8348317
50.6075212,12.2485065
49.276691,11.0195259
51.2008384,8.8086629
49.4079318,8.6869548
50.4090542,12.9310673
50.9651426,12.357712
52.5064319,13.3261482
52.5061244,13.3249085
52.0257626,8.5355639
49.6106908,9.6765277
50.9477043,10.7151177
50.9479185,10.7142403
50.9493383,10.707762
50.4352761,8.6757378
49.6163095,9.6722469
51.8408392,10.7890821
52.0058589,11.6409045
52.0050897,11.6392871
52.004689,11.6399183
52.004396,11.6403606
52.0041736,11.6405154
52.0043272,11.6409364
52.004768,11.642734
52.005369,11.6431297
51.6941799,11.0499716
49.047549,9.3413975
50.635683,11.47722
49.4839623,10.1832566
50.1135202,10.2650009
50.1141377,10.2655065
50.1244348,10.2563939
50.9939039,11.3641789
51.3062264,12.7625573
49.3218666,11.1230375
49.3218656,11.1227247
49.3218839,11.122438
49.3219175,11.1221023
50.9480178,10.713829
49.0310623,12.8607473
51.4849714,11.9629397
51.3444375,8.5762909
49.1637078,12.4271477
49.0145668,9.7962266
49.1636305,12.4269131
50.3820925,12.4684117
49.5744455,11.5017628
49.9956769,11.6281641
50.643402,8.977305
50.9695825,12.7784543
50.5051459,10.8266214
52.3610689,13.3290807
52.3609648,13.3280501
52.1256437,8.6287782
49.2891803,9.0778992
50.0113088,10.9437102
52.1620823,10.5328025
49.8976744,12.7262472
49.666469,9.2156357
49.6362346,9.4536509
49.6359228,9.4534188
49.4914826,9.8239187
49.4911717,9.8238657
49.0841404,9.6141552
49.0853305,9.6113465
49.0853816,9.611216
49.0855737,9.6112591
